station_id,station_name,water_body,opw_catchment_name,rbd,derived_catchment_name,catchment_id,subcatchment_id,subcatchment_name,subcatchment_area_km2,opw_catchment_area_km2,subcatchment_to_true_area_ratio,single_subcatchment_gauge,ambiguous_match,meets_thresholds,status,sentinel_era_span_days,sentinel_era_completeness_pct,sentinel_era_max_gap_days,sentinel_era_quality_ok_pct,sentinel_era_interval_minutes,latitude,longitude,Status,opw_catchment_area,river,usable_for_study,file_format,record_start,record_end,record_span_days,total_rows,sentinel_era_start,sentinel_era_end,sentinel_era_rows,sentinel_era_n_missing_values,quality_code_top5,n_bad_timestamps,declared_rows,parameter,ts_shortname,unit,error,file,subcatchment_area_m2
1043,Ballybofey,FINN [Donegal],FINN,NORTH WESTERN RBD,Finn[Donegal],01,01_2,Finn[Donegal]_SC_030,99.32,319.0,0.31,False,False,False,,,,,,,54.79976861,-7.790749444,Level & Flow,319.00 km²,,,,,,,,,,,,,,,,,,,,99319553.99260001
1041,Sandy Mills,DEELE,DEELE,NORTH WESTERN RBD,Deele[Donegal],01,01_6,Deele[Donegal]_SC_010,133.33,113.0,1.18,True,False,False,,,,,,,54.83831806,-7.575758056,Level & Flow,113.00 km²,,,,,,,,,,,,,,,,,,,,133325532.78000002
3058,Cappog Br,BLACKWATER [MONAGHAN],BLACKWATER [MONAGHAN],NEAGH BANN RBD,Blackwater[Monaghan],03,03_6,Blackwater[Monaghan]_SC_010,123.2,65.0,1.9,False,False,False,,,,,,,54.26680861,-7.021296944,Level & Flow,65.00 km²,,,,,,,,,,,,,,,,,,,,123195962.731
3055,Glaslough,MOUNTAIN WATER,BLACKWATER [MONAGHAN],NEAGH BANN RBD,Mountain[Water],03,03_2,Mountain[Water]_SC_010,73.37,72.0,1.02,True,False,False,,,,,,,54.32328083,-6.894343889,Level & Flow,72.00 km²,,,,,,,,,,,,,,,,,,,,73368755.1961
6026,Aclint,LAGAN (GLYDE),GLYDE,NEAGH BANN RBD,Glyde,06,06_5,Glyde_SC_020,113.14,144.0,0.79,True,False,False,,,,,,,53.92476528,-6.640019444,Level & Historic Flow,144.00 km²,,,,,,,,,,,,,,,,,,,,113136045.79900001
6025,Burley,DEE,DEE,NEAGH BANN RBD,Dee,06,06_1,Dee_SC_020,66.25,175.98,0.38,False,False,False,,,,,,,53.8480375,-6.594340833,Level & Historic Flow,175.98 km²,,,,,,,,,,,,,,,,,,,,66254794.3181
6013,Charleville Weir,DEE,DEE,NEAGH BANN RBD,Dee,06,06_15,Dee_SC_040,105.36,307.0,0.34,False,False,False,,,,,,,53.85584278,-6.413995833,Level & Flow,307.00 km²,,,,,,,,,,,,,,,,,,,,105360473.561
6012,Clarebane,FANE,FANE,NEAGH BANN RBD,FANE,06,06_8,FANE_SC_010,180.93,163.0,1.11,True,False,False,,,,,,,54.09285639,-6.666055833,Level & Flow,163.00 km²,,,,,,,,,,,,,,,,,,,,180933046.721
6021,Mansfieldstown,GLYDE,GLYDE,NEAGH BANN RBD,Glyde,06,06_10,Glyde_SC_030,100.35,321.0,0.31,False,False,False,,,,,,,53.89660361,-6.444490556,Level & Flow,321.00 km²,,,,,,,,,,,,,,,,,,,,100354153.19000001
6011,Moyles Mill,FANE,FANE,NEAGH BANN RBD,FANE,06,06_13,FANE_SC_020,162.49,230.0,0.71,True,False,False,,,,,,,54.01157444,-6.596077222,Level & Flow,230.00 km²,,,,,,,,,,,,,,,,,,,,162494223.066
6014,Tallanstown Weir,GLYDE,GLYDE,NEAGH BANN RBD,Glyde,06,06_10,Glyde_SC_030,100.35,270.0,0.37,False,False,False,,,,,,,53.92109194,-6.54957,Level & Flow,270.00 km²,,,,,,,,,,,,,,,,,,,,100354153.19000001
7037,Blackcastle,BOYNE,BOYNE,EASTERN RBD,Boyne,07,07_18,Boyne_SC_100,113.92,735.0,0.15,False,False,False,,,,,,,53.65469667,-6.680586111,Level,735.00 km²,,,,,,,,,,,,,,,,,,,,113924095.023
7007,Boyne Aqueduct,BOYNE,BOYNE,EASTERN RBD,Boyne,07,07_16,Boyne_SC_020,126.99,441.18,0.29,False,False,False,,,,,,,53.45313722,-6.958843611,Level & Flow,441.18 km²,,,,,,,,,,,,,,,,,,,,126994015.135
7003,Castlerickard,BLACKWATER (ENFIELD),BOYNE,EASTERN RBD,Boyne,07,07_16,Boyne_SC_020,126.99,181.51,0.7,True,False,False,,,,,,,53.48552444,-6.92185,Level & Flow,181.51 km²,,,,,,,,,,,,,,,,,,,,126994015.135
7006,Fyanstown,MOYNALTY,BOYNE,EASTERN RBD,Moynalty,07,07_14,Moynalty_SC_010,188.14,188.0,1.0,True,False,False,,,,,,,53.72582306,-6.802883056,Level & Flow,188.00 km²,,,,,,,,,,,,,,,,,,,,188136076.225
7002,Killyon,DEEL [Raharney],BOYNE,EASTERN RBD,Boyne,07,07_9,Boyne_SC_040,149.39,285.0,0.52,False,False,False,,,,,,,53.48777083,-6.970770833,Level & Flow,285.00 km²,,,,,,,,,,,,,,,,,,,,149389330.171
7010,Liscartan,BLACKWATER (KELLS),BOYNE,EASTERN RBD,Boyne,07,07_18,Boyne_SC_100,113.92,717.0,0.16,False,False,False,,,,,,,53.66326861,-6.7203325,Level & Flow,717.00 km²,,,,,,,,,,,,,,,,,,,,113924095.023
7062,Mornington Br,Mornington,BOYNE ESTUARY,EASTERN RBD,Boyne,07,07_17,Boyne_SC_130,67.13,0.0,inf,False,False,False,,,,,,,53.71942667,-6.254402778,Level,0.00 km²,,,,,,,,,,,,,,,,,,,,67133472.9539
7009,Navan Weir,BOYNE,BOYNE,EASTERN RBD,Boyne,07,07_18,Boyne_SC_100,113.92,1610.0,0.07,False,False,False,,,,,,,53.64355944,-6.6720575,Level & Flow,1610.00 km²,,,,,,,,,,,,,,,,,,,,113924095.023
7115,Newfield,Ushers Stream,BOYNE,EASTERN RBD,Boyne,07,07_17,Boyne_SC_130,67.13,7.06,9.51,False,False,False,,,,,,,53.72338,-6.340371,Level & Flow,7.06 km²,,,,,,,,,,,,,,,,,,,,67133472.9539
7011,O'Dalys Br,BLACKWATER (KELLS),BOYNE,EASTERN RBD,Blackwater[Kells],07,07_10,Blackwater[Kells]_SC_020,156.33,294.0,0.53,False,False,False,,,,,,,53.76898194,-7.011203333,Level & Flow,294.00 km²,,,,,,,,,,,,,,,,,,,,156327226.304
7012,Slane Castle,BOYNE,BOYNE,EASTERN RBD,Boyne,07,07_15,Boyne_SC_120,146.96,2408.0,0.06,False,False,False,,,,,,,53.70721167,-6.5624225,Level & Flow,2408.00 km²,,,,,,,,,,,,,,,,,,,,146960814.906
7004,Stramatt,BLACKWATER (KELLS),BOYNE,EASTERN RBD,Blackwater[Kells],07,07_10,Blackwater[Kells]_SC_020,156.33,256.0,0.61,False,False,False,,,,,,,53.79629806,-7.043613333,Level & Flow,256.00 km²,,,,,,,,,,,,,,,,,,,,156327226.304
7049,Tinker's Br,STREAM,BOYNE,EASTERN RBD,Yellow[Castlejordan],07,07_11,Yellow[Castlejordan]_SC_010,184.47,0.57,323.63,False,False,False,,,,,,,53.34453417,-7.331587222,Level & Flow,0.57 km²,,,,,,,,,,,,,,,,,,,,184467755.552
7001,Tremblestown,TREMBLESTOWN,BOYNE,EASTERN RBD,Boyne,07,07_13,Boyne_SC_070,186.51,150.0,1.24,True,False,False,,,,,,,53.56206472,-6.8556425,Level & Flow,150.00 km²,,,,,,,,,,,,,,,,,,,,186505058.733
7005,Trim,BOYNE,BOYNE,EASTERN RBD,Boyne,07,07_3,Boyne_SC_080,94.56,1282.0,0.07,False,False,False,,,,,,,53.55640528,-6.791843889,Level & Flow,1282.00 km²,,,,,,,,,,,,,,,,,,,,94560036.33779998
7081,Virginia,RAMOR L.,BOYNE,EASTERN RBD,Blackwater[Kells],07,07_10,Blackwater[Kells]_SC_020,156.33,246.0,0.64,False,False,False,,,,,,,53.83161528,-7.090788333,Level,246.00 km²,,,,,,,,,,,,,,,,,,,,156327226.304
7033,Virginia Hatchery,BLACKWATER (KELLS),BOYNE,EASTERN RBD,Blackwater[Kells],07,07_5,Blackwater[Kells]_SC_010,124.42,129.0,0.96,True,False,False,,,,,,,53.83437028,-7.078577222,Level & Flow,129.00 km²,,,,,,,,,,,,,,,,,,,,124415749.37299998
8008,Broadmeadow,BROADMEADOW,BROADMEADOW,EASTERN RBD,Broadmeadow,08,08_3,Broadmeadow_SC_010,167.6,108.2,1.55,False,False,False,,,,,,,53.47492167,-6.231774722,Level & Flow,108.20 km²,,,,,,,,,,,,,,,,,,,,167598307.817
8011,Duleek D/S,NANNY,NANNY,EASTERN RBD,Nanny[Meath],08,08_5,Nanny[Meath]_SC_020,85.48,181.0,0.47,False,False,False,,,,,,,53.65618444,-6.407709444,Level & Flow,181.00 km²,,,,,,,,,,,,,,,,,,,,85475101.3233
9369,Anglesea Road,Dodder,LIFFEY,EASTERN RBD,Dodder,09,09_16,Dodder_SC_010,167.77,106.22,1.58,False,False,False,,,,,,,53.327878,-6.230943,Level,106.22 km²,,,,,,,,,,,,,,,,,,,,167772526.126
9112,Clonee Weir,TOLKA,LIFFEY,EASTERN RBD,Tolka,09,09_10,Tolka_SC_010,103.55,68.53,1.51,False,False,False,,,,,,,53.41088806,-6.43245192,Level & Flow,68.53 km²,,,,,,,,,,,,,,,,,,,,103554025.264
9109,Haynestown,HAYNESTOWN,LIFFEY,EASTERN RBD,Liffey,09,09_14,Liffey_SC_070,134.92,9.5,14.2,False,False,False,,,,,,,53.21669795,-6.59351873,Level & Flow,9.50 km²,,,,,,,,,,,,,,,,,,,,134920117.388
9111,Hazelhatch,HAZELHATCH,LIFFEY,EASTERN RBD,Liffey,09,09_14,Liffey_SC_070,134.92,1.02,132.27,False,False,False,,,,,,,53.330431,-6.529406,Level & Historic Flow,1.02 km²,,,,,,,,,,,,,,,,,,,,134920117.388
9108,Killashee,Broadfield,LIFFEY,EASTERN RBD,Liffey,09,09_6,Liffey_SC_060,77.57,16.0,4.85,False,False,False,,,,,,,53.19459943,-6.67240854,Level & Flow,16.00 km²,,,,,,,,,,,,,,,,,,,,77570487.4907
9001,Leixlip,RYEWATER,LIFFEY,EASTERN RBD,Liffey,09,09_5,Liffey_SC_080,76.63,215.0,0.36,False,False,False,,,,,,,53.36866472,-6.490438611,Level & Flow,215.00 km²,,,,,,,,,,,,,,,,,,,,76633628.4249
9107,Tipper,MORELL,LIFFEY,EASTERN RBD,Liffey,09,09_14,Liffey_SC_070,134.92,10.6,12.73,False,False,False,,,,,,,53.20466715,-6.6251927,Level & Flow,10.60 km²,,,,,,,,,,,,,,,,,,,,134920117.388
10051,Powerscourt House,Dargle,AVOCA,EASTERN RBD,Dargle,10,10_5,Dargle_SC_010,176.94,58.12,3.04,False,False,False,ok,1727.0,96.04,60.95,12.28,15.0,53.181773,-6.175674,Level & Flow,58.12 km²,,False,plain_csv,2021-11-16T12:15:00+00:00,2026-08-09T23:30:00+00:00,1727.0,165838.0,2021-11-16T12:15:00+00:00,2026-08-09T23:30:00+00:00,165838.0,6567.0,31:134662; 254:20368; -1:6567; 151:4241,0.0,,,,,,wl_10051.csv,176941162.756
10062,Ravenswell Road,Dargle,Dargle,EASTERN RBD,Dargle,10,10_5,Dargle_SC_010,176.94,128.04,1.38,False,False,False,ok,1768.0,76.6,4.56,5.45,15.0,53.208295,-6.104617,Level,128.04 km²,,False,plain_csv,2021-10-06T00:00:00+00:00,2026-08-09T23:30:00+00:00,1768.0,169823.0,2021-10-06T00:00:00+00:00,2026-08-09T23:30:00+00:00,169823.0,39731.0,31:160112; 254:9262; -1:449,0.0,,,,,,wl_10062.csv,176941162.756
11001,Boleany,OWENAVORRAGH,OWENAVORRAGH,SOUTH EASTERN RBD,Owenavorragh,11,11_2,Owenavorragh_SC_010,160.77,148.0,1.09,True,False,True,ok,3507.0,98.93,13.4,1.7,15.0,52.64369028,-6.270794167,Level & Flow,148.00 km²,,True,plain_csv,1972-03-13T16:00:00+00:00,2026-08-09T23:30:00+00:00,19872.0,1907743.0,2017-01-01T00:00:00+00:00,2026-08-09T23:30:00+00:00,336767.0,3592.0,31:1770661; 32:59243; -1:56873; 42:8245; 254:5837,0.0,,,,,,wl_11001.csv,160765071.088
12002,Enniscorthy,SLANEY,SLANEY,SOUTH EASTERN RBD,Slaney,12,12_1,Slaney_SC_070,71.53,1319.92,0.05,False,False,True,ok,3507.0,98.85,20.55,2.58,15.0,52.50230694,-6.566852222,Level & Flow,1319.92 km²,,True,plain_csv,2006-04-10T12:45:00+00:00,2026-08-09T23:30:00+00:00,7426.0,712940.0,2017-01-01T00:00:00+00:00,2026-08-09T23:30:00+00:00,336767.0,3872.0,31:613062; 254:63290; -1:27166; 41:7286; 101:2068,0.0,,,,,,wl_12002.csv,71527032.6022
12001,Scarawalsh,SLANEY,SLANEY,SOUTH EASTERN RBD,Slaney,12,12_3,Slaney_SC_060,84.78,1036.0,0.08,False,False,True,ok,3507.0,99.01,7.95,0.78,15.0,52.54851278,-6.550221667,Level & Flow,1036.00 km²,,True,plain_csv,1955-09-05T04:00:00+00:00,2026-08-09T23:30:00+00:00,25906.0,2487055.0,2017-01-01T00:00:00+00:00,2026-08-09T23:30:00+00:00,336767.0,3324.0,31:2313482; 32:71417; -1:64188; 101:27453; 33:6872,0.0,,,,,,wl_12001.csv,84776140.2556
12007,St. Johns Br,URRIN,SLANEY,SOUTH EASTERN RBD,Urrin,12,12_7,Urrin_SC_010,116.01,115.43,1.01,True,False,True,ok,3507.0,98.93,4.25,2.15,15.0,52.49329083,-6.573358611,Level,115.43 km²,,True,plain_csv,2003-04-15T13:15:00+00:00,2026-08-09T23:30:00+00:00,8517.0,817674.0,2017-01-01T00:00:00+00:00,2026-08-09T23:30:00+00:00,336767.0,3592.0,31:635790; -1:109997; 32:27664; 254:27254; 101:12711,0.0,,,,,,wl_12007.csv,116005380.36999999
12063,Assaly,ASSALY ESTY,ASSALY ESTUARY,SOUTH EASTERN RBD,FORTH_COMMONS,12,12_5,FORTH_COMMONS_SC_010,111.28,39.8,2.8,False,False,False,ok,3507.0,69.91,10.03,20.22,15.0,52.27905389,-6.43554,Level,39.80 km²,,False,plain_csv,2007-11-02T14:15:00+00:00,2026-08-09T23:30:00+00:00,6855.0,658118.0,2017-01-01T00:00:00+00:00,2026-08-09T23:30:00+00:00,336767.0,101320.0,31:396422; 254:69378; 99:62767; 101:59791; 32:28366,0.0,,,,,,wl_12063.csv,111278635.413
12043,Ballynagee,HORSE RIVER,SLANEY,SOUTH EASTERN RBD,FORTH_COMMONS,12,12_5,FORTH_COMMONS_SC_010,111.28,2.72,40.91,False,False,False,ok,849.0,99.99,0.03,10.64,15.0,52.326228,-6.48205199,Level,2.72 km²,,False,plain_csv,2024-04-12T13:00:00+00:00,2026-08-09T23:30:00+00:00,849.0,81547.0,2024-04-12T13:00:00+00:00,2026-08-09T23:30:00+00:00,81547.0,12.0,31:72858; 254:8677; -1:12,0.0,,,,,,wl_12043.csv,111278635.413
12061,Edermine Br,SLANEY,SLANEY,SOUTH EASTERN RBD,Tinnokilla[Stream],12,12_2,Tinnokilla[Stream]_SC_010,81.32,5.54,14.68,False,False,False,ok,3507.0,53.12,21.75,3.4,15.0,52.45409389,-6.562578056,Level,5.54 km²,,False,plain_csv,2003-06-30T11:30:00+00:00,2026-08-09T23:30:00+00:00,8441.0,810385.0,2017-01-01T00:00:00+00:00,2026-08-09T23:30:00+00:00,336767.0,157876.0,31:614467; -1:114382; 99:51066; 254:11462; 101:9604,0.0,,,,,,wl_12061.csv,81324843.8559
12064,Ferrycarrig Br,SLANEY,SLANEY,SOUTH EASTERN RBD,Tinnokilla[Stream],12,12_2,Tinnokilla[Stream]_SC_010,81.32,0.0,inf,False,False,False,ok,3507.0,43.69,78.3,3.27,15.0,52.35083694,-6.511451944,Level,0.00 km²,,False,plain_csv,2003-04-04T10:15:00+00:00,2026-08-09T23:30:00+00:00,8528.0,818742.0,2017-01-01T00:00:00+00:00,2026-08-09T23:30:00+00:00,336767.0,189627.0,31:635933; 151:79120; -1:34522; 41:33633; 101:11156,0.0,,,,,,wl_12064.csv,81324843.8559
12005,Tullow Town Br U/S,SLANEY,SLANEY,SOUTH EASTERN RBD,Slaney,12,12_16,Slaney_SC_020,88.83,249.12,0.36,False,False,False,ok,3507.0,90.82,321.0,2.18,15.0,52.80201306,-6.738373056,Level & Flow,249.12 km²,,False,plain_csv,2002-10-04T13:30:00+00:00,2026-08-09T23:30:00+00:00,8710.0,836201.0,2017-01-01T00:00:00+00:00,2026-08-09T23:30:00+00:00,336767.0,30912.0,31:770899; -1:54409; 254:7432; 32:3461,0.0,,,,,,wl_12005.csv,88831390.6218
12044,Whitemill South,HORSE RIVER,SLANEY,SOUTH EASTERN RBD,FORTH_COMMONS,12,12_5,FORTH_COMMONS_SC_010,111.28,3.5,31.79,False,False,False,ok,849.0,99.2,5.95,37.11,15.0,52.328281,-6.47393299,Level,3.50 km²,,False,plain_csv,2024-04-12T15:15:00+00:00,2026-08-09T23:30:00+00:00,849.0,81538.0,2024-04-12T15:15:00+00:00,2026-08-09T23:30:00+00:00,81538.0,653.0,32:32478; 254:30259; 31:18148; -1:653,0.0,,,,,,wl_12044.csv,111278635.413
13070,Lady's Island,LADY'S ISLAND LAKE,COASTAL,SOUTH EASTERN RBD,KISHA,13,13_4,KISHA_SC_010,95.37,0.0,inf,False,False,True,ok,3507.0,98.79,18.72,3.74,15.0,52.21100444,-6.383141111,Level,0.00 km²,,True,plain_csv,1998-11-25T17:00:00+00:00,2026-08-09T23:30:00+00:00,10119.0,971451.0,2017-01-01T00:00:00+00:00,2026-08-09T23:30:00+00:00,336767.0,4077.0,31:614734; -1:148531; 99:124261; 32:41791; 101:20278,0.0,,,,,,wl_13070.csv,95370347.6636
13081,Cull Pump House,BALLYTEIGE LAGOON,COASTAL,SOUTH EASTERN RBD,KISHA,13,13_4,KISHA_SC_010,95.37,22.0,4.34,False,False,False,ok,3507.0,0.05,0.01,10.2,15.0,52.20454361,-6.629580556,Level & Historic Flow,22.00 km²,,False,plain_csv,2007-09-25T13:00:00+00:00,2026-08-09T23:30:00+00:00,6893.0,661771.0,2017-01-01T00:00:00+00:00,2026-08-09T23:30:00+00:00,336767.0,336604.0,31:445622; 99:140344; -1:39247; 254:34335; 101:2082,0.0,,,,,,wl_13081.csv,95370347.6636
13072,Sigginstown,L. TACUMSHIN,BRIDGETOWN DUNCORMICK COASTAL,SOUTH EASTERN RBD,KISHA,13,13_4,KISHA_SC_010,95.37,0.0,inf,False,False,False,ok,2187.0,61.25,78.11,13.57,15.0,52.20193,-6.45444,Level,0.00 km²,,False,plain_csv,2020-08-13T10:15:00+00:00,2026-08-09T23:30:00+00:00,2187.0,210006.0,2020-08-13T10:15:00+00:00,2026-08-09T23:30:00+00:00,210006.0,81372.0,31:93598; 32:77375; 254:28495; -1:9848; 101:690,0.0,,,,,,wl_13072.csv,95370347.6636
14013,Ballinacarrig,BURREN,BARROW,SOUTH EASTERN RBD,Barrow,14,14_13,Barrow_SC_090,189.01,155.0,1.22,True,False,True,ok,3507.0,99.32,7.86,0.6,15.0,52.82426389,-6.898153889,Level & Flow,155.00 km²,,True,plain_csv,1972-01-01T00:00:00+00:00,2026-08-09T23:30:00+00:00,19944.0,1914719.0,2017-01-01T00:00:00+00:00,2026-08-09T23:30:00+00:00,336767.0,2302.0,31:1777574; -1:91951; 32:31966; 101:11217; 254:2008,0.0,,,,,,wl_14013.csv,189011739.358
14022,Barrow New Br,BARROW,BARROW,SOUTH EASTERN RBD,Barrow,14,14_13,Barrow_SC_090,189.01,2050.5,0.09,False,False,True,ok,3507.0,98.85,6.41,0.58,15.0,52.84613806,-6.931752222,Level & Flow,2050.50 km²,,True,plain_csv,2007-09-21T09:45:00+00:00,2026-08-09T23:30:00+00:00,6897.0,662168.0,2017-01-01T00:00:00+00:00,2026-08-09T23:30:00+00:00,336767.0,3871.0,31:592113; 101:42875; 32:18485; -1:6738; 254:1957,0.0,,,,,,wl_14022.csv,189011739.358
14003,Borness,BARROW,SUIR,SOUTH EASTERN RBD,Barrow,14,14_15,Barrow_SC_010,206.45,276.0,0.75,True,False,True,ok,3507.0,98.25,21.61,6.06,15.0,53.13224944,-7.308428889,Level & Historic Flow,276.00 km²,,True,plain_csv,1979-12-18T13:45:00+00:00,2026-08-09T23:30:00+00:00,17036.0,1635496.0,2017-01-01T00:00:00+00:00,2026-08-09T23:30:00+00:00,336767.0,5879.0,31:1373115; -1:201899; 32:25026; 254:20395; 101:15060,0.0,,,,,,wl_14003.csv,206451700.972
14001,Carlow,BARROW,BARROW,SOUTH EASTERN RBD,Barrow,14,14_12,Barrow_SC_070,160.83,2241.0,0.07,False,False,True,ok,3507.0,99.65,12.09,0.58,15.0,52.83422444,-6.938009444,Level,2241.00 km²,,True,plain_csv,1977-02-24T16:15:00+00:00,2026-08-09T23:30:00+00:00,18063.0,1734078.0,2017-01-01T00:00:00+00:00,2026-08-09T23:30:00+00:00,336767.0,1164.0,31:1584492; -1:102953; 41:25348; 101:8703; 32:6666,0.0,,,,,,wl_14001.csv,160834365.911
14120,Chapel Street,POUND,SUIR,SOUTH EASTERN RBD,Barrow,14,14_15,Barrow_SC_010,206.45,13.16,15.69,False,False,True,ok,2617.0,99.72,5.78,3.06,15.0,53.119556,-7.337111,Level & Flow,13.16 km²,,True,plain_csv,2019-06-10T20:15:00+00:00,2026-08-09T23:30:00+00:00,2617.0,251246.0,2019-06-10T20:15:00+00:00,2026-08-09T23:30:00+00:00,251246.0,696.0,31:236434; 254:7686; 32:6430; -1:696,0.0,,,,,,wl_14120.csv,206451700.972
14004,Clonbulloge,FIGILE,BARROW,SOUTH EASTERN RBD,Figile,14,14_14,Figile_SC_020,206.33,268.0,0.77,True,False,True,ok,3507.0,98.96,29.12,2.56,15.0,53.25865583,-7.086853611,Level & Flow,268.00 km²,,True,plain_csv,1972-01-01T00:00:00+00:00,2026-08-09T23:30:00+00:00,19944.0,1914719.0,2017-01-01T00:00:00+00:00,2026-08-09T23:30:00+00:00,336767.0,3490.0,31:1859993; 101:36255; -1:9649; 254:8821; 32:1,0.0,,,,,,wl_14004.csv,206333090.845
14123,Coolroe,DUISKE,BARROW,SOUTH EASTERN RBD,Barrow,14,14_7,Barrow_SC_130,111.94,10.88,10.29,False,False,True,ok,2426.0,99.52,10.16,8.94,15.0,52.5472,-6.9917,Level & Flow,10.88 km²,,True,plain_csv,2019-12-18T12:45:00+00:00,2026-08-09T23:30:00+00:00,2426.0,232940.0,2019-12-18T12:45:00+00:00,2026-08-09T23:30:00+00:00,232940.0,1112.0,31:181419; 32:28508; 254:20825; -1:1112; 41:1076,0.0,,,,,,wl_14123.csv,111937356.701
14009,Cushina,CUSHINA,BARROW,SOUTH EASTERN RBD,Barrow,14,14_20,Barrow_SC_040,129.76,68.0,1.91,False,False,True,ok,3507.0,98.65,27.49,11.35,15.0,53.19432139,-7.174493056,Level & Flow,68.00 km²,,True,plain_csv,1980-01-01T00:00:00+00:00,2026-08-09T23:30:00+00:00,17022.0,1634207.0,2017-01-01T00:00:00+00:00,2026-08-09T23:30:00+00:00,336767.0,4546.0,31:1379688; -1:200623; 254:38237; 101:14964; 32:695,0.0,,,,,,wl_14009.csv,129764510.452
14007,Derrybrock,STRADBALLY,SUIR,SOUTH EASTERN RBD,Barrow,14,14_17,Barrow_SC_050,241.21,115.0,2.1,False,False,True,ok,3507.0,99.4,11.92,3.49,15.0,53.03905167,-7.085032222,Level & Flow,115.00 km²,,True,plain_csv,1980-02-01T15:00:00+00:00,2026-08-09T23:30:00+00:00,16991.0,1631171.0,2017-01-01T00:00:00+00:00,2026-08-09T23:30:00+00:00,336767.0,2027.0,31:1523922; 32:40941; -1:33838; 254:16901; 101:15542,0.0,,,,,,wl_14007.csv,241207317.74699998
14029,Graiguenamanagh U/S,BARROW,BARROW,SOUTH EASTERN RBD,Barrow,14,14_7,Barrow_SC_130,111.94,2762.0,0.04,False,False,True,ok,3507.0,99.66,5.51,3.29,15.0,52.54075444,-6.950884444,Level & Flow,2762.00 km²,,True,plain_csv,1996-09-18T15:00:00+00:00,2026-08-09T21:45:00+00:00,10917.0,1048060.0,2017-01-01T00:00:00+00:00,2026-08-09T21:45:00+00:00,336760.0,1146.0,31:980742; -1:35900; 254:11202; 1:8807; 32:8729,0.0,,,,,,wl_14029.csv,111937356.701
14019,Levitstown,BARROW,BARROW,SOUTH EASTERN RBD,Barrow,14,14_2,Barrow_SC_080,83.85,1660.0,0.05,False,False,True,ok,3507.0,98.7,16.02,0.58,15.0,52.93537778,-6.949797222,Level & Flow,1660.00 km²,,True,plain_csv,1954-01-01T05:15:00+00:00,2026-08-09T23:30:00+00:00,26518.0,2545802.0,2017-01-01T00:00:00+00:00,2026-08-09T23:30:00+00:00,336767.0,4364.0,31:2290488; -1:160080; 42:39208; 32:27456; 101:14055,0.0,,,,,,wl_14019.csv,83853407.0944
14121,Manor Road,POUND,BARROW,SOUTH EASTERN RBD,Barrow,14,14_15,Barrow_SC_010,206.45,12.12,17.03,False,False,True,ok,2621.0,99.91,0.09,3.22,15.0,53.115639,-7.338889,Level & Flow,12.12 km²,,True,plain_csv,2019-06-06T14:45:00+00:00,2026-08-09T23:30:00+00:00,2621.0,251652.0,2019-06-06T14:45:00+00:00,2026-08-09T23:30:00+00:00,251652.0,239.0,31:239433; 254:8111; 32:3869; -1:239,0.0,,,,,,wl_14121.csv,206451700.972
14006,Pass Br,BARROW,BARROW,SOUTH EASTERN RBD,Barrow,14,14_17,Barrow_SC_050,241.21,1096.0,0.22,False,False,True,ok,3507.0,99.19,15.51,2.28,15.0,53.14592333,-7.070581111,Level & Flow,1096.00 km²,,True,plain_csv,1972-01-01T00:00:00+00:00,2026-08-09T23:30:00+00:00,19944.0,1914719.0,2017-01-01T00:00:00+00:00,2026-08-09T23:30:00+00:00,336767.0,2735.0,31:1854290; -1:44702; 254:7688; 101:7382; 225:639,0.0,,,,,,wl_14006.csv,241207317.74699998
14011,Rathangan,SLATE,BARROW,SOUTH EASTERN RBD,Slate,14,14_16,Slate_SC_010,215.46,163.0,1.32,False,False,True,ok,3507.0,97.88,25.31,8.0,15.0,53.22061583,-6.992655278,Level & Flow,163.00 km²,,True,plain_csv,1999-01-10T12:45:00+00:00,2026-08-09T23:30:00+00:00,10073.0,967052.0,2017-01-01T00:00:00+00:00,2026-08-09T23:30:00+00:00,336767.0,7146.0,31:870576; 254:49173; -1:47302; 225:1,0.0,,,,,,wl_14011.csv,215462314.931
14018,Royal Oak,BARROW,BARROW,SOUTH EASTERN RBD,Barrow,14,14_8,Barrow_SC_120,123.12,2415.0,0.05,False,False,True,ok,3507.0,99.26,8.51,0.59,15.0,52.70019833,-6.981458056,Level & Flow,2415.00 km²,,True,plain_csv,1972-01-01T00:00:00+00:00,2026-08-09T23:30:00+00:00,19944.0,1914719.0,2017-01-01T00:00:00+00:00,2026-08-09T23:30:00+00:00,336767.0,2486.0,31:1878311; -1:21475; 32:12212; 254:2071; 99:642,0.0,,,,,,wl_14018.csv,123118877.238
14122,Turf Market,DUISKE,BARROW,SOUTH EASTERN RBD,Barrow,14,14_7,Barrow_SC_130,111.94,24.41,4.59,False,False,True,ok,2585.0,99.8,2.18,12.47,15.0,52.540332,-6.95592,Level & Flow,24.41 km²,,True,plain_csv,2019-07-12T13:30:00+00:00,2026-08-09T23:30:00+00:00,2585.0,248201.0,2019-07-12T13:30:00+00:00,2026-08-09T23:30:00+00:00,248201.0,508.0,31:216741; 254:30952; -1:508,0.0,,,,,,wl_14122.csv,111937356.701
14005,Portarlington,BARROW,BARROW,SOUTH EASTERN RBD,Barrow,14,14_11,Barrow_SC_020,154.56,406.0,0.38,False,False,False,ok,3507.0,96.29,104.2,2.27,15.0,53.16181278,-7.192953333,Level & Flow,406.00 km²,,False,plain_csv,1955-05-20T16:00:00+00:00,2026-08-09T23:30:00+00:00,26014.0,2497375.0,2017-01-01T00:00:00+00:00,2026-08-09T23:30:00+00:00,336767.0,12503.0,31:2360997; -1:88941; 101:37370; 254:7826; 32:2241,0.0,,,,,,wl_14005.csv,154561486.205
14125,Prusselstown,Moneen,BARROW,SOUTH EASTERN RBD,Barrow,14,14_2,Barrow_SC_080,83.85,27.26,3.08,False,False,False,ok,374.0,99.99,0.02,23.88,15.0,53.008058,-6.96705399,Level & Flow,27.26 km²,,False,plain_csv,2025-07-31T10:30:00+00:00,2026-08-09T23:30:00+00:00,374.0,35957.0,2025-07-31T10:30:00+00:00,2026-08-09T23:30:00+00:00,35957.0,3.0,31:27368; 254:8586; -1:3,0.0,,,,,,wl_14125.csv,83853407.0944
15001,Annamult,KINGS,NORE,SOUTH EASTERN RBD,Nore,15,15_19,Nore_SC_110,141.22,443.0,0.32,False,False,True,ok,3507.0,98.0,15.91,12.85,15.0,52.54845833,-7.199625,Level & Flow,443.00 km²,,True,plain_csv,1972-01-01T00:00:00+00:00,2026-08-09T23:30:00+00:00,19944.0,1914719.0,2017-01-01T00:00:00+00:00,2026-08-09T23:30:00+00:00,336767.0,6740.0,31:1719465; 32:118274; 254:43266; -1:32307; 101:923,0.0,,,,,,wl_15001.csv,141219903.284
15105,Archers Grove,NORE,SUIR,SOUTH EASTERN RBD,Nore,15,15_4,Nore_SC_100,92.92,1689.0,0.06,False,False,True,ok,3507.0,98.71,14.1,9.56,15.0,52.64154139,-7.217500556,Level,1689.00 km²,,True,plain_csv,2006-07-19T11:30:00+00:00,2026-08-09T23:30:00+00:00,7326.0,703345.0,2017-01-01T00:00:00+00:00,2026-08-09T23:30:00+00:00,336767.0,4332.0,31:589951; -1:70449; 254:32191; 32:10754,0.0,,,,,,wl_15105.csv,92923183.92610002
15008,Borris-In-Ossory,NORE,BARROW,SOUTH EASTERN RBD,Nore,15,15_13,Nore_SC_010,152.08,115.5,1.32,False,False,True,ok,3507.0,99.61,3.56,2.09,15.0,52.94309056,-7.644112778,Level & Flow,115.50 km²,,True,plain_csv,1972-10-01T00:00:00+00:00,2026-08-09T23:30:00+00:00,19670.0,1888415.0,2017-01-01T00:00:00+00:00,2026-08-09T23:30:00+00:00,336767.0,1311.0,31:1582990; 254:187096; 99:70738; -1:25817; 32:15625,0.0,,,,,,wl_15008.csv,152080749.725
15006,Brownsbarn,NORE,NORE,SOUTH EASTERN RBD,Nore,15,15_17,Nore_SC_120,149.18,2388.0,0.06,False,False,True,ok,3507.0,96.99,12.25,8.83,15.0,52.50076972,-7.091699722,Level & Flow,2388.00 km²,,True,plain_csv,1972-01-01T00:00:00+00:00,2026-08-09T23:30:00+00:00,19944.0,1914719.0,2017-01-01T00:00:00+00:00,2026-08-09T23:30:00+00:00,336767.0,10123.0,31:1681158; 32:136883; 101:39383; 254:29729; -1:27540,0.0,,,,,,wl_15006.csv,149177138.631
15009,Callan,KINGS,SUIR,SOUTH EASTERN RBD,King's[Kilkenny],15,15_11,King's[Kilkenny]_SC_010,138.54,201.0,0.69,False,False,True,ok,3507.0,97.93,27.35,3.08,15.0,52.54510056,-7.388463056,Level & Flow,201.00 km²,,True,plain_csv,1972-10-01T00:00:00+00:00,2026-08-09T23:30:00+00:00,19670.0,1888415.0,2017-01-01T00:00:00+00:00,2026-08-09T23:30:00+00:00,336767.0,6971.0,-1:1053975; 31:776235; 32:30411; 101:15401; 254:10382,0.0,,,,,,wl_15009.csv,138544801.116
15003,Dinin Br,DININ,SUIR,SOUTH EASTERN RBD,Nore,15,15_8,Nore_SC_080,109.76,298.0,0.37,False,False,True,ok,3507.0,98.43,15.44,3.53,15.0,52.715345,-7.291780833,Level & Flow,298.00 km²,,True,plain_csv,1972-01-01T00:00:00+00:00,2026-08-09T23:30:00+00:00,19944.0,1914719.0,2017-01-01T00:00:00+00:00,2026-08-09T23:30:00+00:00,336767.0,5285.0,31:1616437; 41:106639; 32:68740; -1:55235; 101:43301,0.0,,,,,,wl_15003.csv,109757015.67599998
15005,Durrow Foot Br,ERKINA,NORE,SOUTH EASTERN RBD,Nore,15,15_16,Nore_SC_050,170.69,379.5,0.45,False,False,True,ok,3507.0,96.75,30.55,13.97,15.0,52.84706417,-7.397986667,Level & Flow,379.50 km²,,True,plain_csv,1972-01-01T00:00:00+00:00,2026-08-09T23:30:00+00:00,19944.0,1914719.0,2017-01-01T00:00:00+00:00,2026-08-09T23:30:00+00:00,336767.0,10936.0,31:1768186; 32:58744; 254:51894; -1:35330; 101:558,0.0,,,,,,wl_15005.csv,170694124.007
15002,John's Br (Nore),NORE,NORE,SOUTH EASTERN RBD,Nore,15,15_4,Nore_SC_100,92.92,1605.0,0.06,False,False,True,ok,3507.0,99.06,6.43,3.99,15.0,52.65339167,-7.250432778,Level & Flow,1605.00 km²,,True,plain_csv,1953-11-14T05:30:00+00:00,2026-08-09T23:30:00+00:00,26566.0,2550409.0,2017-01-01T00:00:00+00:00,2026-08-09T23:30:00+00:00,336767.0,3179.0,31:2238863; -1:208763; 254:45844; 42:43440; 101:7572,0.0,,,,,,wl_15002.csv,92923183.92610002
15007,Kilbricken,NORE,BARROW,SOUTH EASTERN RBD,Nore,15,15_16,Nore_SC_050,170.69,339.76,0.5,False,False,True,ok,3507.0,99.93,0.21,1.66,15.0,52.95925167,-7.461605556,Level & Historic Flow,339.76 km²,,True,plain_csv,1972-01-01T00:00:00+00:00,2026-08-09T23:30:00+00:00,19944.0,1914719.0,2017-01-01T00:00:00+00:00,2026-08-09T23:30:00+00:00,336767.0,241.0,31:1590581; 32:173988; 101:67650; 254:64094; -1:12149,0.0,,,,,,wl_15007.csv,170694124.007
15004,Mcmahons Br,NORE,NORE,SOUTH EASTERN RBD,Nore,15,15_7,Nore_SC_060,107.95,491.0,0.22,False,False,True,ok,3507.0,99.47,8.51,16.12,15.0,52.86702444,-7.379327222,Level & Flow,491.00 km²,,True,plain_csv,1972-01-01T00:00:00+00:00,2026-08-09T23:30:00+00:00,19944.0,1914719.0,2017-01-01T00:00:00+00:00,2026-08-09T23:30:00+00:00,336767.0,1787.0,31:1642641; -1:154158; 254:64012; 32:29526; 101:21063,0.0,,,,,,wl_15004.csv,107947071.256
15011,Mount Juliet,NORE,NORE,SOUTH EASTERN RBD,Nore,15,15_20,Nore_SC_130,139.57,2315.5,0.06,False,False,True,ok,3507.0,98.72,8.51,1.53,15.0,52.53125111,-7.189298889,Level & Flow,2315.50 km²,,True,plain_csv,1945-09-26T18:00:00+00:00,2026-08-09T23:30:00+00:00,29537.0,2835575.0,2017-01-01T00:00:00+00:00,2026-08-09T23:30:00+00:00,336767.0,4302.0,31:1723715; -1:997827; 101:84246; 32:16975; 41:7671,0.0,,,,,,wl_15011.csv,139566442.911
15104,Sycamores,NORE,NORE,SOUTH EASTERN RBD,Nore,15,15_6,Nore_SC_090,101.19,1569.0,0.06,False,False,True,ok,3043.0,97.46,26.1,28.42,15.0,52.66592,-7.256381944,Level,1569.00 km²,,True,plain_csv,2006-07-13T12:45:00+00:00,2025-05-02T11:30:00+00:00,6867.0,659324.0,2017-01-01T00:00:00+00:00,2025-05-02T11:30:00+00:00,292175.0,7417.0,31:415277; 254:112971; -1:87217; 99:24578; 41:8684,0.0,,,,,,wl_15104.csv,101190640.467
15107,Ballylarkin,Nuenna,NORE,SOUTH EASTERN RBD,Nore,15,15_21,Nore_SC_070,156.3,35.34,4.42,False,False,False,ok,356.0,99.92,0.1,47.16,15.0,52.735137,-7.41668299,Level & Flow,35.34 km²,,False,plain_csv,2025-08-18T14:15:00+00:00,2026-08-09T23:30:00+00:00,356.0,34214.0,2025-08-18T14:15:00+00:00,2026-08-09T23:30:00+00:00,34214.0,28.0,32:18050; 254:16136; -1:28,0.0,,,,,,wl_15107.csv,156298781.801
15050,Blackfriar's Br,BREAGAGH [KILKENNY],NORE,SOUTH EASTERN RBD,Nore,15,15_6,Nore_SC_090,101.19,71.04,1.42,False,False,False,ok,3507.0,96.69,83.44,5.0,15.0,52.654644,-7.258209,Level & Flow,71.04 km²,,False,plain_csv,1995-10-02T09:30:00+00:00,2026-08-09T23:30:00+00:00,11269.0,1081881.0,2017-01-01T00:00:00+00:00,2026-08-09T23:30:00+00:00,336767.0,11144.0,31:849833; -1:76550; 32:48862; 42:44665; 254:25054,0.0,,,,,,wl_15050.csv,101190640.467
16010,Anner,ANNER,SUIR,SOUTH EASTERN RBD,Suir,16,16_23,Suir_SC_150,144.42,422.0,0.34,False,False,True,ok,3507.0,98.37,17.61,2.32,15.0,52.381991,-7.62831999,Level & Flow,422.00 km²,,True,plain_csv,1954-10-01T00:00:00+00:00,2026-08-09T23:30:00+00:00,26245.0,2519615.0,2017-01-01T00:00:00+00:00,2026-08-09T23:30:00+00:00,336767.0,5489.0,31:2432640; -1:60023; 32:16194; 254:9311; 99:1253,0.0,,,,,,wl_16010.csv,144420672.173
16001,Athlummon,DRISH,SUIR,SOUTH EASTERN RBD,Suir,16,16_21,Suir_SC_040,219.16,140.0,1.57,False,False,True,ok,3507.0,97.31,13.29,2.58,15.0,52.68610139,-7.739544167,Level & Flow,140.00 km²,,True,plain_csv,1972-10-01T00:30:00+00:00,2026-08-09T23:30:00+00:00,19670.0,1888413.0,2017-01-01T00:00:00+00:00,2026-08-09T23:30:00+00:00,336767.0,9069.0,31:1678408; -1:110366; 41:38352; 101:30274; 32:21188,0.0,,,,,,wl_16001.csv,219156613.29500002
16005,Aughnagross,MULTEEN,SUIR,SOUTH EASTERN RBD,Multeen[East],16,16_4,Multeen[East]_SC_010,83.26,87.0,0.96,True,False,True,ok,3507.0,99.67,5.88,1.9,15.0,52.52349611,-8.014062778,Level & Flow,87.00 km²,,True,plain_csv,1954-10-01T00:00:00+00:00,2026-08-09T23:30:00+00:00,26245.0,2519615.0,2017-01-01T00:00:00+00:00,2026-08-09T23:30:00+00:00,336767.0,1114.0,31:1693190; 32:633499; 254:95605; 99:64368; -1:24414,0.0,,,,,,wl_16005.csv,83262550.4849
16006,Ballinaclogh,MULTEEN,SUIR,SOUTH EASTERN RBD,Suir,16,16_18,Suir_SC_060,107.83,75.0,1.44,False,False,True,ok,3506.0,99.45,5.43,2.12,15.0,52.51946889,-8.022296389,Level & Flow,75.00 km²,,True,plain_csv,1972-10-01T00:00:00+00:00,2026-08-08T11:15:00+00:00,19669.0,1888270.0,2017-01-01T00:00:00+00:00,2026-08-08T11:15:00+00:00,336622.0,1843.0,31:1612983; -1:106875; 32:70515; 99:65451; 254:23813,0.0,,,,,,wl_16006.csv,107825122.34199998
16002,Beakstown,SUIR,SUIR,SOUTH EASTERN RBD,Suir,16,16_2,Suir_SC_020,64.33,512.0,0.13,False,False,True,ok,3507.0,99.16,19.01,2.19,15.0,52.64883889,-7.864804167,Level & Flow,512.00 km²,,True,plain_csv,1954-10-01T00:00:00+00:00,2026-08-09T23:30:00+00:00,26245.0,2519615.0,2017-01-01T00:00:00+00:00,2026-08-09T23:30:00+00:00,336767.0,2842.0,31:2465026; -1:43496; 254:7624; 32:3458; 101:11,0.0,,,,,,wl_16002.csv,64333640.6828
16009,Caher Park,SUIR,SUIR,SOUTH EASTERN RBD,Suir,16,16_14,Suir_SC_100,86.38,1602.0,0.05,False,False,True,ok,3507.0,97.28,7.6,2.2,15.0,52.35767333,-7.922936944,Level & Flow,1602.00 km²,,True,plain_csv,1940-01-14T00:30:00+00:00,2026-08-09T23:30:00+00:00,31619.0,3035517.0,2017-01-01T00:00:00+00:00,2026-08-09T23:30:00+00:00,336767.0,9157.0,31:2431657; 101:506455; 32:51122; -1:37820; 254:8463,0.0,,,,,,wl_16009.csv,86379623.7195
16062,Carrick On Suir,SUIR ESTY,SUIR,SOUTH EASTERN RBD,Lingaun,16,16_15,Lingaun_SC_010,92.41,2775.0,0.03,False,False,True,ok,3507.0,84.73,8.51,45.8,15.0,52.34410389,-7.410373611,Level,2775.00 km²,,True,plain_csv,2007-09-19T11:15:00+00:00,2026-08-09T23:30:00+00:00,6899.0,662354.0,2017-01-01T00:00:00+00:00,2026-08-09T23:30:00+00:00,336767.0,51434.0,31:497193; 254:154236; 41:7583; -1:2095; 101:1247,0.0,,,,,,wl_16062.csv,92413070.81130001
16051,Clobanna,ROSSESTOWN,SUIR,SOUTH EASTERN RBD,Suir,16,16_22,Suir_SC_010,229.15,34.19,6.7,False,False,True,ok,3507.0,97.41,37.96,2.66,15.0,52.71583139,-7.791764444,Level & Flow,34.19 km²,,True,plain_csv,1992-01-22T14:00:00+00:00,2026-08-09T23:30:00+00:00,12618.0,1211367.0,2017-01-01T00:00:00+00:00,2026-08-09T23:30:00+00:00,336767.0,8720.0,31:1178387; -1:20530; 254:9108; 32:2099; 34:1241,0.0,,,,,,wl_16051.csv,229150710.884
16011,Clonmel,SUIR,SUIR,SOUTH EASTERN RBD,Suir,16,16_16,Suir_SC_140,111.78,2143.97,0.05,False,False,True,ok,3507.0,99.21,5.14,1.12,15.0,52.35152528,-7.694598056,Level & Flow,2143.97 km²,,True,plain_csv,1953-10-24T11:30:00+00:00,2026-08-09T23:30:00+00:00,26587.0,2552401.0,2017-01-01T00:00:00+00:00,2026-08-09T23:30:00+00:00,336767.0,2645.0,31:2468997; 32:24304; -1:24164; 101:13614; 41:6994,0.0,,,,,,wl_16011.csv,111779256.03
16013,Fourmilewater,NIRE,SUIR,SOUTH EASTERN RBD,Suir,16,16_3,Suir_SC_130,140.58,91.0,1.54,False,False,True,ok,3507.0,98.97,14.08,11.68,15.0,52.27379944,-7.756046111,Level & Flow,91.00 km²,,True,plain_csv,1972-10-01T00:00:00+00:00,2026-08-09T23:30:00+00:00,19670.0,1888415.0,2017-01-01T00:00:00+00:00,2026-08-09T23:30:00+00:00,336767.0,3483.0,31:1739240; -1:61984; 254:39541; 32:27778; 41:10658,0.0,,,,,,wl_16013.csv,140582064.656
16147,Joyce's Lane,SUIR,SUIR,SOUTH EASTERN RBD,Suir,16,16_8,Suir_SC_120,117.48,2140.59,0.05,False,False,True,ok,3507.0,96.71,59.56,1.31,15.0,52.35155588,-7.70670506,Level,2140.59 km²,,True,plain_csv,2010-07-13T11:00:00+00:00,2026-08-09T23:30:00+00:00,5871.0,563667.0,2017-01-01T00:00:00+00:00,2026-08-09T23:30:00+00:00,336767.0,11093.0,31:534707; -1:17900; 101:6610; 254:4450,0.0,,,,,,wl_16147.csv,117482271.17100002
16007,Killardry,AHERLOW,SUIR,SOUTH EASTERN RBD,Suir,16,16_20,Suir_SC_090,206.35,273.35,0.75,True,False,True,ok,3507.0,99.24,5.11,3.42,15.0,52.41727611,-7.975713611,Level & Historic Flow,273.35 km²,,True,plain_csv,1954-10-01T00:00:00+00:00,2026-08-09T23:30:00+00:00,26245.0,2519615.0,2017-01-01T00:00:00+00:00,2026-08-09T23:30:00+00:00,336767.0,2550.0,31:2373949; -1:76784; 1:21536; 32:20337; 254:11707,0.0,,,,,,wl_16007.csv,206347965.57600003
16139,Knocklofty,SUIR,SUIR,SOUTH EASTERN RBD,Suir,16,16_8,Suir_SC_120,117.48,2105.5,0.06,False,False,True,ok,3507.0,97.55,20.07,17.0,15.0,52.33673361,-7.789266111,Level & Historic Flow,2105.50 km²,,True,plain_csv,2005-05-10T12:45:00+00:00,2026-08-09T23:30:00+00:00,7761.0,745100.0,2017-01-01T00:00:00+00:00,2026-08-09T23:30:00+00:00,336767.0,8255.0,31:600581; 254:57255; -1:31720; 101:30744; 32:24104,0.0,,,,,,wl_16139.csv,117482271.17100002
16073,Marlfield Reservoir,Marfield Lake,SUIR,SOUTH EASTERN RBD,Suir,16,16_8,Suir_SC_120,117.48,18.72,6.28,False,False,True,ok,1844.0,96.94,10.27,3.71,15.0,52.349257,-7.747831,Level,18.72 km²,,True,plain_csv,2021-07-22T00:00:00+00:00,2026-08-09T23:30:00+00:00,1844.0,177119.0,2021-07-22T00:00:00+00:00,2026-08-09T23:30:00+00:00,177119.0,5414.0,31:165137; 254:6568; -1:5414,0.0,,,,,,wl_16073.csv,117482271.17100002
16008,New Br (Suir),SUIR,SUIR,SOUTH EASTERN RBD,Suir,16,16_11,Suir_SC_070,63.95,1090.5,0.06,False,False,True,ok,3507.0,98.76,9.55,2.13,15.0,52.45946972,-7.997889722,Level & Flow,1090.50 km²,,True,plain_csv,1954-10-01T00:00:00+00:00,2026-08-09T23:30:00+00:00,26245.0,2519615.0,2017-01-01T00:00:00+00:00,2026-08-09T23:30:00+00:00,336767.0,4178.0,31:2320096; -1:82381; 32:68385; 41:26980; 101:7491,0.0,,,,,,wl_16008.csv,63950709.588300005
16137,Newcastle Br,SUIR,SUIR,SOUTH EASTERN RBD,Suir,16,16_25,Suir_SC_110,96.63,1941.0,0.05,False,False,True,ok,3507.0,98.92,14.06,1.2,15.0,52.27491472,-7.810274722,Level,1941.00 km²,,True,plain_csv,2005-05-13T12:30:00+00:00,2026-08-09T23:30:00+00:00,7758.0,744813.0,2017-01-01T00:00:00+00:00,2026-08-09T23:30:00+00:00,336767.0,3628.0,31:685310; 32:32244; 101:14671; -1:8552; 254:4036,0.0,,,,,,wl_16137.csv,96631383.34960002
16146,Sandy Banks,SUIR,SUIR,SOUTH EASTERN RBD,Suir,16,16_8,Suir_SC_120,117.48,2121.0,0.06,False,False,True,ok,3507.0,88.81,17.62,2.11,15.0,52.343133,-7.74194399,Level,2121.00 km²,,True,plain_csv,2010-07-26T14:45:00+00:00,2026-08-09T23:30:00+00:00,5858.0,562404.0,2017-01-01T00:00:00+00:00,2026-08-09T23:30:00+00:00,336767.0,37687.0,-1:510960; 31:44354; 254:7090,0.0,,,,,,wl_16146.csv,117482271.17100002
16012,Tar Br,TAR,SUIR,SOUTH EASTERN RBD,Suir,16,16_25,Suir_SC_110,96.63,228.0,0.42,False,False,True,ok,3507.0,98.17,12.24,10.21,15.0,52.27300361,-7.842907222,Level & Flow,228.00 km²,,True,plain_csv,1963-12-02T16:00:00+00:00,2026-08-09T23:30:00+00:00,22896.0,2198047.0,2017-01-01T00:00:00+00:00,2026-08-09T23:30:00+00:00,336767.0,6161.0,31:2065076; -1:61838; 254:34706; 101:12486; 42:11138,0.0,,,,,,wl_16012.csv,96631383.34960002
16004,Thurles,SUIR,SUIR,SOUTH EASTERN RBD,Suir,16,16_22,Suir_SC_010,229.15,228.74,1.0,True,False,True,ok,3507.0,98.15,35.19,3.82,15.0,52.67906389,-7.809622222,Level & Flow,228.74 km²,,True,plain_csv,1954-10-01T00:00:00+00:00,2026-08-09T23:30:00+00:00,26245.0,2519615.0,2017-01-01T00:00:00+00:00,2026-08-09T23:30:00+00:00,336767.0,6229.0,31:2420521; -1:45096; 41:24162; 32:15164; 254:13059,0.0,,,,,,wl_16004.csv,229150710.884
16148,Workhouse Br,SUIR,SUIR,SOUTH EASTERN RBD,Suir,16,16_16,Suir_SC_140,111.78,2139.69,0.05,False,False,True,ok,3507.0,95.61,42.42,1.9,15.0,52.34965744,-7.7168139,Level,2139.69 km²,,True,plain_csv,2010-07-13T10:15:00+00:00,2026-08-09T23:30:00+00:00,5871.0,563670.0,2017-01-01T00:00:00+00:00,2026-08-09T23:30:00+00:00,336767.0,14769.0,31:528694; -1:20212; 101:8370; 254:6394,0.0,,,,,,wl_16148.csv,111779256.03
16155,Ardfinnan,SUIR,SUIR,SOUTH EASTERN RBD,Suir,16,16_14,Suir_SC_100,86.38,1677.93,0.05,False,False,False,ok,1662.0,98.48,9.09,6.94,15.0,52.309754,-7.878913,Level,1677.93 km²,,False,plain_csv,2022-01-20T11:45:00+00:00,2026-08-09T23:30:00+00:00,1662.0,159600.0,2022-01-20T11:45:00+00:00,2026-08-09T23:30:00+00:00,159600.0,2431.0,31:96859; 101:38588; 254:11069; 41:8016; 32:2594,0.0,,,,,,wl_16155.csv,86379623.7195
16158,Borrisoleigh,Cromoge,SUIR,SOUTH EASTERN RBD,Fishmoyne,16,16_5,Fishmoyne_SC_010,67.99,11.0,6.18,False,False,False,ok,539.0,99.25,0.68,14.87,15.0,52.757323,-7.97084899,Level & Flow,11.00 km²,,False,plain_csv,2025-02-16T00:00:00+00:00,2026-08-09T23:30:00+00:00,539.0,51839.0,2025-02-16T00:00:00+00:00,2026-08-09T23:30:00+00:00,51839.0,391.0,31:29002; 32:11954; 254:7711; 101:2781; -1:391,0.0,,,,,,wl_16158.csv,67993100.29
16157,Gleann Beag,Glen,SUIR,SOUTH EASTERN RBD,Suir,16,16_25,Suir_SC_110,96.63,8.1,11.93,False,False,False,ok,557.0,99.61,2.08,14.0,15.0,52.271401,-7.81088799,Level & Flow,8.10 km²,,False,plain_csv,2025-01-29T13:00:00+00:00,2026-08-09T23:30:00+00:00,557.0,53515.0,2025-01-29T13:00:00+00:00,2026-08-09T23:30:00+00:00,53515.0,210.0,31:45814; 254:7491; -1:210,0.0,,,,,,wl_16157.csv,96631383.34960002
16159,Grove,Clashawley,SUIR,SOUTH EASTERN RBD,Clashawley,16,16_6,Clashawley_SC_010,158.23,158.0,1.0,True,False,False,ok,314.0,97.18,6.8,40.88,15.0,52.458936,-7.67035299,Level & Flow,158.00 km²,,False,plain_csv,2025-09-29T13:45:00+00:00,2026-08-09T23:30:00+00:00,314.0,30184.0,2025-09-29T13:45:00+00:00,2026-08-09T23:30:00+00:00,30184.0,851.0,31:16995; 254:12338; -1:851,0.0,,,,,,wl_16159.csv,158232310.124
16125,Piltown,PIL,SUIR,SOUTH EASTERN RBD,Pil,16,16_27,Pil_SC_010,134.11,83.65,1.6,False,False,False,ok,3507.0,93.66,109.12,0.79,15.0,52.34931667,-7.324866944,Level,83.65 km²,,False,plain_csv,2002-07-23T13:45:00+00:00,2026-08-09T23:30:00+00:00,8783.0,843208.0,2017-01-01T00:00:00+00:00,2026-08-09T23:30:00+00:00,336767.0,21336.0,31:689197; 151:49181; -1:40690; 101:37808; 41:18116,0.0,,,,,,wl_16125.csv,134109046.486
16003,Rathkennan,CLODIAGH,SUIR,SOUTH EASTERN RBD,Suir,16,16_28,Suir_SC_030,163.48,246.0,0.66,False,False,False,ok,3507.0,97.74,64.27,2.91,15.0,52.62930278,-7.924926389,Level & Flow,246.00 km²,,False,plain_csv,1954-10-01T00:00:00+00:00,2026-08-09T23:30:00+00:00,26245.0,2519615.0,2017-01-01T00:00:00+00:00,2026-08-09T23:30:00+00:00,336767.0,7610.0,31:2311877; -1:191701; 254:10707; 32:5094; 101:236,0.0,,,,,,wl_16003.csv,163480662.69
16156,Templemore,MALL,SUIR,SOUTH EASTERN RBD,Suir,16,16_22,Suir_SC_010,229.15,19.3,11.87,False,False,False,ok,1410.0,99.67,3.95,7.12,15.0,52.796265,-7.84057999,Level & Flow,19.30 km²,,False,plain_csv,2022-09-29T00:00:00+00:00,2026-08-09T23:30:00+00:00,1410.0,135455.0,2022-09-29T00:00:00+00:00,2026-08-09T23:30:00+00:00,135455.0,451.0,31:99263; 32:26103; 254:9638; -1:451,0.0,,,,,,wl_16156.csv,229150710.884
18113,Ahane Br,OWENTARAGLIN,BLACKWATER [MUNSTER],SOUTH WESTERN RBD,Blackwater[Munster],18,18_6,Blackwater[Munster]_SC_020,86.11,76.82,1.12,True,False,True,ok,3507.0,99.99,0.06,7.31,15.0,52.09607583,-9.132805278,Level & Historic Flow,76.82 km²,,True,plain_csv,2006-06-19T00:15:00+00:00,2026-08-09T23:30:00+00:00,7356.0,706270.0,2017-01-01T00:00:00+00:00,2026-08-09T23:30:00+00:00,336767.0,29.0,31:633672; 254:34822; 41:15923; -1:12810; 101:8660,0.0,,,,,,wl_18113.csv,86106846.3727
18108,Araglin Br,ARAGLIN,BLACKWATER [MUNSTER],SOUTH WESTERN RBD,Crinnaghtane,18,18_16,Crinnaghtane_SC_010,126.72,125.5,1.01,True,False,True,ok,3507.0,98.41,3.04,0.36,15.0,52.16689528,-8.220864444,Level & Historic Flow,125.50 km²,,True,plain_csv,2001-06-21T17:30:00+00:00,2026-08-09T23:30:00+00:00,9180.0,881305.0,2017-01-01T00:00:00+00:00,2026-08-09T23:30:00+00:00,336767.0,5363.0,31:757219; -1:64948; 32:24515; 41:19954; 101:8706,0.0,,,,,,wl_18108.csv,126715198.988
18119,Ballydahin,BLACKWATER [MUNSTER],BLACKWATER [MUNSTER],SOUTH WESTERN RBD,Blackwater[Munster],18,18_14,Blackwater[Munster]_SC_110,119.66,1190.19,0.1,False,False,True,ok,3507.0,99.24,5.54,3.69,15.0,52.13139014,-8.65421144,Level,1190.19 km²,,True,plain_csv,2009-06-08T11:45:00+00:00,2026-08-09T23:30:00+00:00,6271.0,602064.0,2017-01-01T00:00:00+00:00,2026-08-09T23:30:00+00:00,336767.0,2555.0,31:548304; 254:19133; 99:10116; 32:8967; 41:8528,0.0,,,,,,wl_18119.csv,119655995.905
18002,Ballyduff,BLACKWATER [MUNSTER],BLACKWATER [MUNSTER],SOUTH WESTERN RBD,Blackwater[Munster],18,18_5,Blackwater[Munster]_SC_130,83.62,2338.0,0.04,False,False,True,ok,3507.0,99.47,7.18,0.4,15.0,52.14434472,-8.051951667,Level & Flow,2338.00 km²,,True,plain_csv,1955-10-01T00:00:00+00:00,2026-08-09T23:30:00+00:00,25880.0,2484575.0,2017-01-01T00:00:00+00:00,2026-08-09T23:30:00+00:00,336767.0,1798.0,31:2414629; 101:22847; -1:15741; 32:10458; 151:9407,0.0,,,,,,wl_18002.csv,83622164.2243
18105,Castlelands,BLACKWATER [MUNSTER],BLACKWATER [MUNSTER],SOUTH WESTERN RBD,Blackwater[Munster],18,18_21,Blackwater[Munster]_SC_090,149.51,1209.0,0.12,False,False,True,ok,3507.0,99.78,5.95,3.69,15.0,52.13470525,-8.62286074,Level,1209.00 km²,,True,plain_csv,2001-07-03T15:45:00+00:00,2026-08-09T23:30:00+00:00,9168.0,880160.0,2017-01-01T00:00:00+00:00,2026-08-09T23:30:00+00:00,336767.0,754.0,31:805482; -1:28746; 41:18712; 254:12470; 101:7581,0.0,,,,,,wl_18105.csv,149508123.358
18102,Castletownroche Weir,AWBEG,BLACKWATER [MUNSTER],SOUTH WESTERN RBD,Blackwater[Munster],18,18_10,Blackwater[Munster]_SC_100,116.7,344.92,0.34,False,False,True,ok,3507.0,98.92,6.86,0.44,15.0,52.17369972,-8.46025,Level & Flow,344.92 km²,,True,plain_csv,2005-07-01T00:15:00+00:00,2026-08-09T18:45:00+00:00,7709.0,740139.0,2017-01-01T00:00:00+00:00,2026-08-09T18:45:00+00:00,336748.0,3622.0,31:655789; -1:48138; 101:17099; 32:16599; 254:2314,0.0,,,,,,wl_18102.csv,116699639.804
18111,Church Street,DALUA,BLACKWATER [MUNSTER],SOUTH WESTERN RBD,Dalua,18,18_26,Dalua_SC_020,138.51,139.77,0.99,True,False,True,ok,3507.0,99.04,5.06,1.56,15.0,52.17876639,-8.910823333,Level & Flow,139.77 km²,,True,plain_csv,2005-07-01T00:15:00+00:00,2026-08-09T23:30:00+00:00,7709.0,740158.0,2017-01-01T00:00:00+00:00,2026-08-09T23:30:00+00:00,336767.0,3222.0,31:651975; 32:24635; -1:19538; 102:19287; 42:15557,0.0,,,,,,wl_18111.csv,138510801.277
18114,Clashmorgan,LYRE,BLACKWATER [MUNSTER],SOUTH WESTERN RBD,Blackwater[Munster],18,18_23,Blackwater[Munster]_SC_080,165.71,20.27,8.18,False,False,True,ok,3507.0,99.32,14.12,0.5,15.0,52.08298722,-8.681001111,Level & Flow,20.27 km²,,True,plain_csv,2005-06-02T15:15:00+00:00,2026-08-09T23:30:00+00:00,7738.0,742882.0,2017-01-01T00:00:00+00:00,2026-08-09T23:30:00+00:00,336767.0,2291.0,31:641311; 32:67799; 42:22307; 254:6520; -1:4142,0.0,,,,,,wl_18114.csv,165706358.024
18005,Downing Br,FUNSHION,BLACKWATER [MUNSTER],SOUTH WESTERN RBD,Blackwater[Munster],18,18_28,Blackwater[Munster]_SC_120,120.18,378.59,0.32,False,False,True,ok,3507.0,98.66,9.21,0.36,15.0,52.16853417,-8.258959722,Level & Flow,378.59 km²,,True,plain_csv,1972-01-01T00:00:00+00:00,2026-08-09T23:30:00+00:00,19944.0,1914719.0,2017-01-01T00:00:00+00:00,2026-08-09T23:30:00+00:00,336767.0,4506.0,31:1856954; -1:21637; 41:18832; 32:8818; 101:5241,0.0,,,,,,wl_18005.csv,120182420.33200002
18107,Fermoy Br D/S,BLACKWATER [MUNSTER],BLACKWATER [MUNSTER],SOUTH WESTERN RBD,Blackwater[Munster],18,18_28,Blackwater[Munster]_SC_120,120.18,1750.0,0.07,False,False,True,ok,3507.0,99.75,8.51,1.09,15.0,52.13955054,-8.27539831,Level & Flow,1750.00 km²,,True,plain_csv,2001-06-21T16:30:00+00:00,2026-08-09T23:30:00+00:00,9180.0,881309.0,2017-01-01T00:00:00+00:00,2026-08-09T23:30:00+00:00,336767.0,841.0,31:732063; 32:79931; 101:25402; -1:20164; 41:19931,0.0,,,,,,wl_18107.csv,120182420.33200002
18106,Fermoy Br U/S,BLACKWATER [MUNSTER],BLACKWATER [MUNSTER],SOUTH WESTERN RBD,Blackwater[Munster],18,18_14,Blackwater[Munster]_SC_110,119.66,1749.22,0.07,False,False,True,ok,3507.0,99.75,8.51,1.27,15.0,52.13856806,-8.276633611,Level,1749.22 km²,,True,plain_csv,2001-05-04T12:00:00+00:00,2026-08-09T23:30:00+00:00,9228.0,885935.0,2017-01-01T00:00:00+00:00,2026-08-09T23:30:00+00:00,336767.0,854.0,31:631202; -1:157748; 41:43479; 101:26002; 32:20655,0.0,,,,,,wl_18106.csv,119655995.905
18117,Fermoy Mill,BLACKWATER [MUNSTER],BLACKWATER [MUNSTER],SOUTH WESTERN RBD,Blackwater[Munster],18,18_14,Blackwater[Munster]_SC_110,119.66,1750.18,0.07,False,False,True,ok,3507.0,98.75,8.51,1.07,15.0,52.1397198,-8.27195591,Level,1750.18 km²,,True,plain_csv,2007-09-13T15:30:00+00:00,2026-08-09T23:30:00+00:00,6905.0,662913.0,2017-01-01T00:00:00+00:00,2026-08-09T23:30:00+00:00,336767.0,4225.0,31:646638; -1:10788; 254:3721; 101:1449; 151:317,0.0,,,,,,wl_18117.csv,119655995.905
18124,Fermoy U/S Rowing,BLACKWATER [MUNSTER],BLACKWATER [MUNSTER],SOUTH WESTERN RBD,Blackwater[Munster],18,18_14,Blackwater[Munster]_SC_110,119.66,1767.0,0.07,False,False,True,ok,3507.0,99.9,2.39,1.07,15.0,52.138457,-8.27956099,Level,1767.00 km²,,True,plain_csv,2012-02-28T15:00:00+00:00,2026-08-09T23:30:00+00:00,5276.0,506531.0,2017-01-01T00:00:00+00:00,2026-08-09T23:30:00+00:00,336767.0,329.0,31:456592; -1:30619; 254:9544; 101:4810; 41:2662,0.0,,,,,,wl_18124.csv,119655995.905
18019,Fr Murphy's Br,GLEN,BLACKWATER [MUNSTER],SOUTH WESTERN RBD,Blackwater[Munster],18,18_7,Blackwater[Munster]_SC_070,88.53,73.12,1.21,True,False,True,ok,3507.0,99.37,3.45,3.17,15.0,52.12074139,-8.889025278,Level & Flow,73.12 km²,,True,plain_csv,2005-07-01T00:15:00+00:00,2026-08-09T23:30:00+00:00,7709.0,740158.0,2017-01-01T00:00:00+00:00,2026-08-09T23:30:00+00:00,336767.0,2120.0,31:653630; -1:45201; 254:16359; 32:14889; 41:7104,0.0,,,,,,wl_18019.csv,88531873.4864
18053,Glandalane,BLACKWATER [MUNSTER],BLACKWATER [MUNSTER],SOUTH WESTERN RBD,Blackwater[Munster],18,18_5,Blackwater[Munster]_SC_130,83.62,2275.0,0.04,False,False,True,ok,3507.0,99.93,2.36,5.85,15.0,52.14981139,-8.220838333,Level,2275.00 km²,,True,plain_csv,2002-06-25T16:15:00+00:00,2026-08-09T23:30:00+00:00,8811.0,845886.0,2017-01-01T00:00:00+00:00,2026-08-09T23:30:00+00:00,336767.0,242.0,31:635446; 99:77272; -1:65550; 32:25239; 254:19787,0.0,,,,,,wl_18053.csv,83622164.2243
18024,Glenavuddig Br,FUNSHION,BLACKWATER [MUNSTER],SOUTH WESTERN RBD,Funshion,18,18_22,Funshion_SC_020,154.76,248.89,0.62,False,False,True,ok,3507.0,99.67,2.88,0.9,15.0,52.24857052,-8.405723056,Level & Flow,248.89 km²,,True,plain_csv,2006-07-26T00:30:00+00:00,2026-08-09T23:30:00+00:00,7319.0,702717.0,2017-01-01T00:00:00+00:00,2026-08-09T23:30:00+00:00,336767.0,1124.0,31:687136; -1:7534; 42:4985; 254:3062,0.0,,,,,,wl_18024.csv,154763601.532
18115,Jordans Br,CLYDAGH [Cork],BLACKWATER [MUNSTER],SOUTH WESTERN RBD,Blackwater[Munster],18,18_23,Blackwater[Munster]_SC_080,165.71,67.93,2.44,False,False,True,ok,3507.0,99.93,1.95,3.83,15.0,52.07804806,-8.625178889,Level & Flow,67.93 km²,,True,plain_csv,2005-07-01T00:15:00+00:00,2026-08-09T23:30:00+00:00,7709.0,740158.0,2017-01-01T00:00:00+00:00,2026-08-09T23:30:00+00:00,336767.0,231.0,31:554624; 32:140122; -1:22895; 254:18800; 152:3620,0.0,,,,,,wl_18115.csv,165706358.024
18112,Keale Br,BLACKWATER [MUNSTER],BLACKWATER [MUNSTER],SOUTH WESTERN RBD,Blackwater[Munster],18,18_9,Blackwater[Munster]_SC_040,113.5,322.0,0.35,False,False,True,ok,3507.0,99.75,2.42,3.75,15.0,52.089673,-9.028653,Level & Flow,322.00 km²,,True,plain_csv,2005-07-01T00:15:00+00:00,2026-08-09T23:30:00+00:00,7709.0,740158.0,2017-01-01T00:00:00+00:00,2026-08-09T23:30:00+00:00,336767.0,826.0,31:621710; -1:37987; 42:30094; 254:13005; 41:12968,0.0,,,,,,wl_18112.csv,113501896.49999999
18110,Kilbrin Road,ALLOW,BLACKWATER [MUNSTER],SOUTH WESTERN RBD,Dalua,18,18_26,Dalua_SC_020,138.51,123.47,1.12,True,False,True,ok,3507.0,99.43,5.09,4.51,15.0,52.17898944,-8.904015556,Level & Flow,123.47 km²,,True,plain_csv,2005-07-01T00:15:00+00:00,2026-08-09T23:30:00+00:00,7709.0,740158.0,2017-01-01T00:00:00+00:00,2026-08-09T23:30:00+00:00,336767.0,1932.0,31:646604; -1:27631; 32:24719; 254:16444; 42:15595,0.0,,,,,,wl_18110.csv,138510801.277
18003,Killavullen,BLACKWATER [MUNSTER],BLACKWATER [MUNSTER],SOUTH WESTERN RBD,Blackwater[Munster],18,18_21,Blackwater[Munster]_SC_090,149.51,1258.0,0.12,False,False,True,ok,3507.0,99.81,5.03,5.94,15.0,52.14919833,-8.515394444,Level & Flow,1258.00 km²,,True,plain_csv,1955-10-01T00:00:00+00:00,2026-08-09T23:30:00+00:00,25880.0,2484575.0,2017-01-01T00:00:00+00:00,2026-08-09T23:30:00+00:00,336767.0,625.0,31:2363984; -1:64828; 254:20966; 101:16701; 32:10870,0.0,,,,,,wl_18003.csv,149508123.358
18109,Lombardstown Br,BLACKWATER [MUNSTER],BLACKWATER [MUNSTER],SOUTH WESTERN RBD,Blackwater[Munster],18,18_21,Blackwater[Munster]_SC_090,149.51,970.0,0.15,False,False,True,ok,3507.0,99.52,2.74,9.67,15.0,52.12261472,-8.783208889,Level & Historic Flow,970.00 km²,,True,plain_csv,2005-07-02T00:15:00+00:00,2026-08-09T23:30:00+00:00,7708.0,740062.0,2017-01-01T00:00:00+00:00,2026-08-09T23:30:00+00:00,336767.0,1631.0,31:640818; 101:42430; 254:32578; -1:19560; 32:4616,0.0,,,,,,wl_18109.csv,149508123.358
18055,Mallow Railway Br,BLACKWATER [MUNSTER],BLACKWATER [MUNSTER],SOUTH WESTERN RBD,Blackwater[Munster],18,18_23,Blackwater[Munster]_SC_080,165.71,1178.0,0.14,False,False,True,ok,3507.0,99.87,1.8,4.62,15.0,52.13112457,-8.65671929,Level & Flow,1178.00 km²,,True,plain_csv,2001-05-29T15:00:00+00:00,2026-08-09T23:30:00+00:00,9203.0,883523.0,2017-01-01T00:00:00+00:00,2026-08-09T23:30:00+00:00,336767.0,425.0,31:759958; 32:47750; -1:36150; 101:23805; 254:15763,0.0,,,,,,wl_18055.csv,165706358.024
18001,Mogeely,BRIDE [Waterford],BLACKWATER [MUNSTER],SOUTH WESTERN RBD,Bride[Waterford],18,18_19,Bride[Waterford]_SC_030,134.68,335.0,0.4,False,False,True,ok,3507.0,99.1,5.03,0.3,15.0,52.09955722,-8.064303333,Level & Flow,335.00 km²,,True,plain_csv,1972-10-01T00:00:00+00:00,2026-08-09T23:30:00+00:00,19670.0,1888415.0,2017-01-01T00:00:00+00:00,2026-08-09T23:30:00+00:00,336767.0,3040.0,31:1851587; -1:20164; 102:4707; 101:4599; 32:2988,0.0,,,,,,wl_18001.csv,134678638.471
18057,Mallow Town Br D/S,BLACKWATER [MUNSTER],BLACKWATER [MUNSTER],SOUTH WESTERN RBD,Blackwater[Munster],18,18_14,Blackwater[Munster]_SC_110,119.66,1178.0,0.1,False,False,False,ok,3507.0,96.07,92.09,4.3,15.0,52.1322175,-8.641036667,Level,1178.00 km²,,False,plain_csv,2001-05-23T13:45:00+00:00,2026-08-09T23:30:00+00:00,9209.0,884104.0,2017-01-01T00:00:00+00:00,2026-08-09T23:30:00+00:00,336767.0,13234.0,31:590496; -1:112937; 32:96453; 99:29073; 151:21002,0.0,,,,,,wl_18057.csv,119655995.905
18056,Mallow Town Br U/S,BLACKWATER [MUNSTER],BLACKWATER [MUNSTER],SOUTH WESTERN RBD,Blackwater[Munster],18,18_14,Blackwater[Munster]_SC_110,119.66,1178.0,0.1,False,False,False,ok,3507.0,95.82,123.33,3.69,15.0,52.13234,-8.641607778,Level,1178.00 km²,,False,plain_csv,2001-06-18T13:30:00+00:00,2026-08-09T23:30:00+00:00,9183.0,881609.0,2017-01-01T00:00:00+00:00,2026-08-09T23:30:00+00:00,336767.0,14070.0,31:598619; 32:116500; -1:112246; 99:28133; 254:12435,0.0,,,,,,wl_18056.csv,119655995.905
19001,Ballea,OWENBOY,OWENBOY,SOUTH WESTERN RBD,Owenboy[Cork],19,19_15,Owenboy[Cork]_SC_010,167.71,106.0,1.58,False,False,True,ok,3507.0,99.47,4.14,4.64,15.0,51.82208111,-8.4215625,Level & Flow,106.00 km²,,True,plain_csv,1972-10-01T00:00:00+00:00,2026-08-09T23:30:00+00:00,19670.0,1888415.0,2017-01-01T00:00:00+00:00,2026-08-09T23:30:00+00:00,336767.0,1789.0,31:1736908; -1:82411; 32:36838; 254:15738; 42:11230,0.0,,,,,,wl_19001.csv,167705964.909
19056,Ballincolly,Glen Tributary,LEE,SOUTH WESTERN RBD,Kiln,19,19_1,Kiln_SC_010,49.32,3.65,13.51,False,False,True,ok,3507.0,97.81,12.84,8.52,15.0,51.92285,-8.45611,Level & Flow,3.65 km²,,True,plain_csv,2013-07-16T14:15:00+00:00,2026-08-09T23:30:00+00:00,4772.0,458150.0,2017-01-01T00:00:00+00:00,2026-08-09T23:30:00+00:00,336767.0,7366.0,31:354173; 254:28677; 32:24768; 101:18449; -1:13281,0.0,,,,,,wl_19056.csv,49320640.0622
19055,Ballymakera,Sullane,LEE,SOUTH WESTERN RBD,Sullane,19,19_10,Sullane_SC_010,143.16,75.24,1.9,False,False,True,ok,3507.0,99.36,12.66,5.68,15.0,51.934472,-9.146258,Level & Flow,75.24 km²,,True,plain_csv,2011-10-04T14:15:00+00:00,2026-08-09T23:30:00+00:00,5423.0,520646.0,2017-01-01T00:00:00+00:00,2026-08-09T23:30:00+00:00,336767.0,2159.0,31:482673; 254:19118; -1:12476; 101:5281; 150:1098,0.0,,,,,,wl_19055.csv,143156799.949
19054,Ballyvourney,Sullane,LEE,SOUTH WESTERN RBD,Sullane,19,19_10,Sullane_SC_010,143.16,71.59,2.0,False,False,True,ok,3507.0,99.71,5.4,5.69,15.0,51.93931,-9.16104,Level & Historic Flow,71.59 km²,,True,plain_csv,2011-11-27T13:00:00+00:00,2026-08-09T23:30:00+00:00,5369.0,515467.0,2017-01-01T00:00:00+00:00,2026-08-09T23:30:00+00:00,336767.0,981.0,31:484335; 254:19166; -1:6451; 101:5513; 150:2,0.0,,,,,,wl_19054.csv,143156799.949
19108,Bawnafinny Bridge,BLARNEY,LEE,SOUTH WESTERN RBD,Lee[Cork],19,19_8,Lee[Cork]_SC_060,131.64,88.5,1.49,False,False,True,ok,2151.0,97.67,3.11,0.44,15.0,51.93005,-8.58539,Level & Flow,88.50 km²,,True,plain_csv,2020-09-18T15:45:00+00:00,2026-08-09T23:30:00+00:00,2151.0,206528.0,2020-09-18T15:45:00+00:00,2026-08-09T23:30:00+00:00,206528.0,4814.0,31:170750; 32:18075; 42:11981; -1:4814; 254:908,0.0,,,,,,wl_19108.csv,131635274.527
19058,Blackpool Retail Pk,Bride (Cork),LEE,SOUTH WESTERN RBD,Kiln,19,19_1,Kiln_SC_010,49.32,10.76,4.58,False,False,True,ok,3507.0,99.34,10.25,0.67,15.0,51.91658,-8.47343,Level & Flow,10.76 km²,,True,plain_csv,2013-08-01T00:15:00+00:00,2026-08-09T23:30:00+00:00,4756.0,456670.0,2017-01-01T00:00:00+00:00,2026-08-09T23:30:00+00:00,336767.0,2222.0,31:427077; 32:20327; 41:4321; -1:2676; 254:2269,0.0,,,,,,wl_19058.csv,49320640.0622
19095,Carrigadrohid Headrace,LEE,LEE,SOUTH WESTERN RBD,Sullane,19,19_7,Sullane_SC_020,113.15,617.15,0.18,False,False,True,ok,2592.0,96.34,35.9,0.17,15.0,51.89700912,-8.86418388,Level,617.15 km²,,True,plain_csv,2019-07-05T13:30:00+00:00,2026-08-09T23:30:00+00:00,2592.0,248873.0,2019-07-05T13:30:00+00:00,2026-08-09T23:30:00+00:00,248873.0,9103.0,31:239335; -1:9103; 254:433; 101:2,0.0,,,,,,wl_19095.csv,113150663.996
19106,Cooldaniel,LEE,LEE,SOUTH WESTERN RBD,Lee[Cork],19,19_14,Lee[Cork]_SC_010,172.41,171.54,1.01,True,False,True,ok,2243.0,99.93,1.16,7.68,15.0,51.85761,-9.02229,Level & Flow,171.54 km²,,True,plain_csv,2020-06-18T15:45:00+00:00,2026-08-09T23:30:00+00:00,2243.0,215360.0,2020-06-18T15:45:00+00:00,2026-08-09T23:30:00+00:00,215360.0,147.0,31:198672; 254:16541; -1:147,0.0,,,,,,wl_19106.csv,172413575.891
19110,Cooleen Bridge,TOON,LEE,SOUTH WESTERN RBD,Lee[Cork],19,19_3,Lee[Cork]_SC_020,56.03,29.97,1.87,False,False,True,ok,2079.0,99.5,5.11,5.83,15.0,51.871,-9.07412,Level & Flow,29.97 km²,,True,plain_csv,2020-11-29T00:00:00+00:00,2026-08-09T23:30:00+00:00,2079.0,199679.0,2020-11-29T00:00:00+00:00,2026-08-09T23:30:00+00:00,199679.0,989.0,31:162820; 101:12761; 254:11646; 151:11462; -1:989,0.0,,,,,,wl_19110.csv,56033584.31690001
19112,Coolmucky Bridge,Bride (Cork),LEE,SOUTH WESTERN RBD,Lee[Cork],19,19_9,Lee[Cork]_SC_050,133.84,70.21,1.91,False,False,True,ok,1996.0,99.04,3.41,17.6,15.0,51.86084,-8.783723,Level & Flow,70.21 km²,,True,plain_csv,2021-02-20T00:00:00+00:00,2026-08-09T23:30:00+00:00,1996.0,191711.0,2021-02-20T00:00:00+00:00,2026-08-09T23:30:00+00:00,191711.0,1832.0,31:154856; 254:33734; -1:1832; 32:1289,0.0,,,,,,wl_19112.csv,133836499.468
19113,County Hall,Curragheen,LEE,SOUTH WESTERN RBD,Glasheen[Corkcity],19,19_17,Glasheen[Corkcity]_SC_010,100.55,47.62,2.11,False,False,True,ok,1937.0,99.8,3.9,7.92,15.0,51.892643,-8.509638,Level,47.62 km²,,True,plain_csv,2021-04-20T15:45:00+00:00,2026-08-09T23:30:00+00:00,1937.0,185984.0,2021-04-20T15:45:00+00:00,2026-08-09T23:30:00+00:00,185984.0,377.0,31:167609; 254:14733; 41:3265; -1:377,0.0,,,,,,wl_19113.csv,100554099.759
19107,Dripsey Bridge,Dripsey,LEE,SOUTH WESTERN RBD,Lee[Cork],19,19_18,Lee[Cork]_SC_040,139.1,82.17,1.69,False,False,True,ok,2185.0,98.42,3.25,2.39,15.0,51.915989,-8.746053,Level & Flow,82.17 km²,,True,plain_csv,2020-08-15T00:00:00+00:00,2026-08-09T23:30:00+00:00,2185.0,209855.0,2020-08-15T00:00:00+00:00,2026-08-09T23:30:00+00:00,209855.0,3315.0,31:201530; 254:5010; -1:3315,0.0,,,,,,wl_19107.csv,139095864.576
19057,Glen Park,GLEN,LEE,SOUTH WESTERN RBD,Kiln,19,19_1,Kiln_SC_010,49.32,7.85,6.28,False,False,True,ok,3507.0,98.69,11.3,3.24,15.0,51.91294,-8.45212,Level & Flow,7.85 km²,,True,plain_csv,2013-07-19T12:15:00+00:00,2026-08-09T23:30:00+00:00,4769.0,457870.0,2017-01-01T00:00:00+00:00,2026-08-09T23:30:00+00:00,336767.0,4411.0,31:392523; 32:20566; 42:13927; 101:13666; 254:10922,0.0,,,,,,wl_19057.csv,49320640.0622
19059,Glennamought Br,Glen Tributary,LEE,SOUTH WESTERN RBD,Kiln,19,19_1,Kiln_SC_010,49.32,17.41,2.83,False,False,True,ok,3507.0,98.21,7.56,1.52,15.0,51.929203,-8.477429,Level & Flow,17.41 km²,,True,plain_csv,2013-08-06T14:45:00+00:00,2026-08-09T23:30:00+00:00,4751.0,456132.0,2017-01-01T00:00:00+00:00,2026-08-09T23:30:00+00:00,336767.0,6016.0,31:438435; -1:7216; 254:5170; 32:4270; 225:1041,0.0,,,,,,wl_19059.csv,49320640.0622
19045,Gothic Br,BLARNEY,LEE,SOUTH WESTERN RBD,Manin,19,19_5,Manin_SC_010,90.5,22.4,4.04,False,False,True,ok,3507.0,98.9,9.19,0.45,15.0,51.92805667,-8.558214444,Level & Flow,22.40 km²,,True,plain_csv,1994-11-01T14:30:00+00:00,2026-08-09T22:30:00+00:00,11604.0,1114017.0,2017-01-01T00:00:00+00:00,2026-08-09T22:30:00+00:00,336763.0,3700.0,31:799069; -1:286488; 101:20946; 41:5766; 254:1748,0.0,,,,,,wl_19045.csv,90501003.2299
19094,Inniscarra Headrace,LEE,LEE,SOUTH WESTERN RBD,Lee[Cork],19,19_6,Lee[Cork]_SC_030,92.73,786.52,0.12,False,False,True,ok,2594.0,99.77,4.16,0.18,15.0,51.900141,-8.661891,Level,786.52 km²,,True,plain_csv,2019-07-03T14:30:00+00:00,2026-08-09T23:30:00+00:00,2594.0,249061.0,2019-07-03T14:30:00+00:00,2026-08-09T23:30:00+00:00,249061.0,570.0,31:248054; -1:570; 254:437,0.0,,,,,,wl_19094.csv,92731462.1127
19109,Inniscarra Tailrace,LEE,LEE,SOUTH WESTERN RBD,Lee[Cork],19,19_8,Lee[Cork]_SC_060,131.64,791.14,0.17,False,False,True,ok,2225.0,99.61,5.22,16.52,15.0,51.89202,-8.63343,Level & Flow,791.14 km²,,True,plain_csv,2020-07-06T11:00:00+00:00,2026-08-09T23:30:00+00:00,2225.0,213651.0,2020-07-06T11:00:00+00:00,2026-08-09T23:30:00+00:00,213651.0,834.0,31:167637; 254:35285; 32:9895; -1:834,0.0,,,,,,wl_19109.csv,131635274.527
19111,Killaclug,Foherish,LEE,SOUTH WESTERN RBD,Foherish,19,19_4,Foherish_SC_010,74.78,74.83,1.0,True,False,True,ok,2126.0,99.93,0.02,7.82,15.0,51.911624,-9.02315,Level & Flow,74.83 km²,,True,plain_csv,2020-10-13T14:30:00+00:00,2026-08-09T23:30:00+00:00,2126.0,204133.0,2020-10-13T14:30:00+00:00,2026-08-09T23:30:00+00:00,204133.0,144.0,31:178496; 254:15959; 41:4623; 32:3751; 101:1160,0.0,,,,,,wl_19111.csv,74778800.0
19044,Kilnamona Br,MARTIN,LEE,SOUTH WESTERN RBD,Manin,19,19_5,Manin_SC_010,90.5,39.59,2.29,False,False,True,ok,3507.0,98.49,8.86,2.85,15.0,51.98953389,-8.5885725,Level & Flow,39.59 km²,,True,plain_csv,1992-10-13T17:15:00+00:00,2026-08-09T23:30:00+00:00,12353.0,1185914.0,2017-01-01T00:00:00+00:00,2026-08-09T23:30:00+00:00,336767.0,5088.0,31:976088; -1:197465; 254:10363; 41:1911; 101:86,0.0,,,,,,wl_19044.csv,90501003.2299
19101,Macroom Town Bridge,Sullane,LEE,SOUTH WESTERN RBD,Sullane,19,19_10,Sullane_SC_010,143.16,211.01,0.68,False,False,True,ok,2650.0,99.44,4.35,28.77,15.0,51.906031,-8.962501,Level & Flow,211.01 km²,,True,plain_csv,2019-05-08T15:15:00+00:00,2026-08-09T23:30:00+00:00,2650.0,254434.0,2019-05-08T15:15:00+00:00,2026-08-09T23:30:00+00:00,254434.0,1422.0,31:153892; 254:73197; 32:15168; 42:6332; 101:4423,0.0,,,,,,wl_19101.csv,143156799.949
19104,Morris's Bridge,Laney,LEE,SOUTH WESTERN RBD,Sullane,19,19_7,Sullane_SC_020,113.15,82.11,1.38,False,False,True,ok,2278.0,99.67,7.01,10.08,15.0,51.92933,-8.93616,Level & Flow,82.11 km²,,True,plain_csv,2020-05-14T00:00:00+00:00,2026-08-09T23:30:00+00:00,2278.0,218783.0,2020-05-14T00:00:00+00:00,2026-08-09T23:30:00+00:00,218783.0,723.0,31:190511; 254:22062; 151:5487; -1:723,0.0,,,,,,wl_19104.csv,113150663.996
19105,Muskerry,Shournagh,LEE,SOUTH WESTERN RBD,Lee[Cork],19,19_8,Lee[Cork]_SC_060,131.64,209.13,0.63,False,False,True,ok,2222.0,99.65,2.66,18.68,15.0,51.914717,-8.60186,Level & Flow,209.13 km²,,True,plain_csv,2020-07-09T13:45:00+00:00,2026-08-09T23:30:00+00:00,2222.0,213352.0,2020-07-09T13:45:00+00:00,2026-08-09T23:30:00+00:00,213352.0,742.0,31:172754; 254:39856; -1:742,0.0,,,,,,wl_19105.csv,131635274.527
19103,Ovens Bridge,Bride (Cork),LEE,SOUTH EASTERN RBD,Lee[Cork],19,19_9,Lee[Cork]_SC_050,133.84,117.82,1.14,True,False,True,ok,2582.0,99.96,0.1,13.55,15.0,51.880537,-8.654934,Level & Flow,117.82 km²,,True,plain_csv,2019-07-15T14:15:00+00:00,2026-08-09T23:30:00+00:00,2582.0,247910.0,2019-07-15T14:15:00+00:00,2026-08-09T23:30:00+00:00,247910.0,108.0,31:206661; 254:33600; 101:7541; -1:108,0.0,,,,,,wl_19103.csv,133836499.468
19102,Waterworks Weir,LEE,LEE,SOUTH WESTERN RBD,Lee[Cork],19,19_9,Lee[Cork]_SC_050,133.84,1185.0,0.11,False,False,True,ok,2641.0,99.45,4.97,10.88,15.0,51.893989,-8.510053,Level & Flow,1185.00 km²,,True,plain_csv,2019-05-17T16:15:00+00:00,2026-08-09T23:30:00+00:00,2641.0,253566.0,2019-05-17T16:15:00+00:00,2026-08-09T23:30:00+00:00,253566.0,1397.0,31:206427; 254:27600; 101:14303; 32:3839; -1:1397,0.0,,,,,,wl_19102.csv,133836499.468
19114,Carrigrohane Bridge,Curragheen,LEE,SOUTH WESTERN RBD,Glasheen[Corkcity],19,19_17,Glasheen[Corkcity]_SC_010,100.55,46.4,2.17,False,False,False,ok,1703.0,99.08,6.07,8.75,15.0,51.889797,-8.540992,Level & Flow,46.40 km²,,False,plain_csv,2021-12-10T15:00:00+00:00,2026-08-09T23:30:00+00:00,1703.0,163523.0,2021-12-10T15:00:00+00:00,2026-08-09T23:30:00+00:00,163523.0,1510.0,31:145124; 254:14309; 32:2580; -1:1510,0.0,,,,,,wl_19114.csv,100554099.759
19116,Dungourney Bridge,Dungourney,Owennacurra,SOUTH WESTERN RBD,Owennacurra,19,19_13,Owennacurra_SC_010,165.48,21.3,7.77,False,False,False,ok,649.0,99.98,0.11,55.81,15.0,51.967773,-8.09837799,Level & Flow,21.30 km²,,False,plain_csv,2024-10-29T13:30:00+00:00,2026-08-09T23:30:00+00:00,649.0,62345.0,2024-10-29T13:30:00+00:00,2026-08-09T23:30:00+00:00,62345.0,13.0,254:34792; 31:27540; -1:13,0.0,,,,,,wl_19116.csv,165477177.971
19115,Kilamucky,Kilta,LEE,SOUTH WESTERN RBD,Womanagh,19,19_16,Womanagh_SC_010,178.88,21.09,8.48,False,False,False,ok,699.0,99.95,0.02,51.79,15.0,51.929182,-8.05982899,Level & Flow,21.09 km²,,False,plain_csv,2024-09-09T13:30:00+00:00,2026-08-09T23:30:00+00:00,699.0,67145.0,2024-09-09T13:30:00+00:00,2026-08-09T23:30:00+00:00,67145.0,33.0,254:34773; 31:32339; -1:33,0.0,,,,,,wl_19115.csv,178876426.985
19119,Lisgoold Bridge,Owennacurra,Owennacurra,SOUTH WESTERN RBD,Owennacurra,19,19_13,Owennacurra_SC_010,165.48,48.25,3.43,False,False,False,ok,258.0,99.97,0.07,99.97,15.0,51.971604,-8.21581499,Level,48.25 km²,,False,plain_csv,2025-11-24T13:00:00+00:00,2026-08-09T23:30:00+00:00,258.0,24811.0,2025-11-24T13:00:00+00:00,2026-08-09T23:30:00+00:00,24811.0,7.0,254:24804; -1:7,0.0,,,,,,wl_19119.csv,165477177.971
19117,Midleton Town Park,Dungourney,Owennacurra,SOUTH WESTERN RBD,Owennacurra,19,19_13,Owennacurra_SC_010,165.48,52.14,3.17,False,False,False,ok,649.0,97.67,11.78,53.79,15.0,51.913101,-8.16597499,Level & Flow,52.14 km²,,False,plain_csv,2024-10-29T12:15:00+00:00,2026-08-09T23:30:00+00:00,649.0,62350.0,2024-10-29T12:15:00+00:00,2026-08-09T23:30:00+00:00,62350.0,1452.0,254:33536; 31:27362; -1:1452,0.0,,,,,,wl_19117.csv,165477177.971
20015,Ardcahan Br,BANDON,BANDON,SOUTH WESTERN RBD,Bandon,20,20_6,Bandon_SC_010,102.92,97.08,1.06,True,False,True,ok,3507.0,99.71,8.98,4.29,15.0,51.74913611,-9.097986667,Level & Historic Flow,97.08 km²,,True,plain_csv,1990-05-22T15:30:00+00:00,2026-08-09T23:30:00+00:00,13228.0,1269921.0,2017-01-01T00:00:00+00:00,2026-08-09T23:30:00+00:00,336767.0,989.0,31:1022806; 99:62577; 32:47192; 101:46949; -1:34741,0.0,,,,,,wl_20015.csv,102917317.489
20016,Bealaboy Br,BANDON,BANDON,SOUTH WESTERN RBD,Bandon,20,20_8,Bandon_SC_020,107.84,158.0,0.68,False,False,True,ok,3507.0,99.72,5.84,8.91,15.0,51.70943583,-9.075758611,Level & Historic Flow,158.00 km²,,True,plain_csv,1990-05-22T15:00:00+00:00,2026-08-09T23:30:00+00:00,13228.0,1269923.0,2017-01-01T00:00:00+00:00,2026-08-09T23:30:00+00:00,336767.0,956.0,31:1191142; 254:29993; 101:24234; -1:16594; 41:7960,0.0,,,,,,wl_20016.csv,107839989.731
20019,Clonakilty,FEALGE,BANDON,SOUTH WESTERN RBD,Clonakilty[Stream],20,20_11,Clonakilty[Stream]_SC_010,129.51,21.2,6.11,False,False,True,ok,3507.0,99.7,6.23,4.31,15.0,51.62263447,-8.89423527,Level & Flow,21.20 km²,,True,plain_csv,2013-10-22T13:15:00+00:00,2026-08-09T23:30:00+00:00,4674.0,448746.0,2017-01-01T00:00:00+00:00,2026-08-09T23:30:00+00:00,336767.0,1000.0,31:396029; 101:16795; 254:14528; 41:13402; -1:7992,0.0,,,,,,wl_20019.csv,129505046.666
20002,Curranure,BANDON,BANDON,SOUTH WESTERN RBD,Bandon,20,20_13,Bandon_SC_060,97.74,431.0,0.23,False,False,True,ok,3507.0,99.4,5.23,15.62,15.0,51.76523222,-8.682671667,Level & Flow,431.00 km²,,True,plain_csv,1975-01-01T00:00:00+00:00,2026-08-09T23:30:00+00:00,18848.0,1809503.0,2017-01-01T00:00:00+00:00,2026-08-09T23:30:00+00:00,336767.0,2020.0,31:1662855; 254:52691; 32:43059; -1:33325; 101:9795,0.0,,,,,,wl_20002.csv,97739665.85469998
20008,Long Br Dunmanway,BANDON,BANDON,SOUTH WESTERN RBD,Bandon,20,20_10,Bandon_SC_030,126.65,104.1,1.22,True,False,True,ok,3507.0,98.99,3.03,3.34,15.0,51.72469917,-9.097886944,Level & Flow,104.10 km²,,True,plain_csv,1991-01-29T04:45:00+00:00,2026-08-09T23:30:00+00:00,12976.0,1245772.0,2017-01-01T00:00:00+00:00,2026-08-09T23:30:00+00:00,336767.0,3410.0,31:649355; 101:486085; 32:56073; 41:30293; 254:11262,0.0,,,,,,wl_20008.csv,126649048.313
20001,Bandon,BANDON,BANDON,SOUTH WESTERN RBD,Bandon,20,20_5,Bandon_SC_050,102.48,406.0,0.25,False,False,False,ok,3507.0,27.29,2530.45,13.4,15.0,51.74695444,-8.731538056,Level & Flow,406.00 km²,,False,plain_csv,1960-10-01T00:00:00+00:00,2026-08-09T23:30:00+00:00,24053.0,2309183.0,2017-01-01T00:00:00+00:00,2026-08-09T23:30:00+00:00,336767.0,244859.0,31:1907136; -1:340268; 254:45224; 32:5319; 101:5179,0.0,,,,,,wl_20001.csv,102480501.702
21020,Bridge Street,Finnihy,INNY,SOUTH WESTERN RBD,Finnihy,21,21_13,Finnihy_SC_010,60.07,31.47,1.91,False,False,True,ok,2145.0,99.93,0.06,8.18,15.0,51.88108,-9.58579,Level & Historic Flow,31.47 km²,,True,plain_csv,2020-09-24T00:00:00+00:00,2026-08-09T22:30:00+00:00,2145.0,206011.0,2020-09-24T00:00:00+00:00,2026-08-09T22:30:00+00:00,206011.0,150.0,31:155729; 32:31465; 254:16849; 42:1818; -1:150,0.0,,,,,,wl_21020.csv,60069455.128
21021,Killowen,KEELNAGOWER,FINNIHY,SOUTH WESTERN RBD,Finnihy,21,21_13,Finnihy_SC_010,60.07,2.75,21.84,False,False,True,ok,1997.0,98.52,11.04,7.22,15.0,51.884792,-9.577407,Level & Flow,2.75 km²,,True,plain_csv,2021-02-19T00:00:00+00:00,2026-08-09T23:30:00+00:00,1997.0,191807.0,2021-02-19T00:00:00+00:00,2026-08-09T23:30:00+00:00,191807.0,2838.0,31:120254; 32:34292; 254:13858; 41:10299; 101:6067,0.0,,,,,,wl_21021.csv,60069455.128
21018,Sneem,Sneem,INNY,SOUTH WESTERN RBD,Sneem,21,21_12,Sneem_SC_010,113.69,58.77,1.93,False,False,True,ok,3507.0,99.41,3.54,3.85,15.0,51.84175,-9.89931,Level & Flow,58.77 km²,,True,plain_csv,2014-08-17T00:00:00+00:00,2026-08-09T23:30:00+00:00,4375.0,420095.0,2017-01-01T00:00:00+00:00,2026-08-09T23:30:00+00:00,336767.0,1974.0,31:388848; 254:12979; 41:10569; 32:4703; -1:2240,0.0,,,,,,wl_21018.csv,113691312.218
21023,Bantry Library,MILL RIVER,COASTAL,SOUTH WESTERN RBD,Mealagh,21,21_20,Mealagh_SC_010,76.42,2.63,29.06,False,False,False,ok,1313.0,99.33,8.25,10.66,15.0,51.678456,-9.44923499,Level & Flow,2.63 km²,,False,plain_csv,2023-01-04T13:45:00+00:00,2026-08-09T23:30:00+00:00,1313.0,126088.0,2023-01-04T13:45:00+00:00,2026-08-09T23:30:00+00:00,126088.0,848.0,31:106912; 254:13437; 32:4891; -1:848,0.0,,,,,,wl_21023.csv,76424927.7399
21022,Orchard Grove,Finnihy,FINNIHY,SOUTH WESTERN RBD,Finnihy,21,21_13,Finnihy_SC_010,60.07,27.79,2.16,False,False,False,ok,1697.0,99.98,0.05,8.15,15.0,51.884092,-9.587665,Level & Flow,27.79 km²,,False,plain_csv,2021-12-16T13:45:00+00:00,2026-08-09T23:30:00+00:00,1697.0,162952.0,2021-12-16T13:45:00+00:00,2026-08-09T23:30:00+00:00,162952.0,29.0,31:148575; 254:13280; 32:1068; -1:29,0.0,,,,,,wl_21022.csv,60069455.128
22006,Flesk Br,FLESK(LAUNE),LAUNE,SOUTH WESTERN RBD,Flesk[Kerry],22,22_6,Flesk[Kerry]_SC_020,98.55,325.0,0.3,False,False,True,ok,3507.0,99.44,7.0,16.22,15.0,52.04803417,-9.497946944,Level & Flow,325.00 km²,,True,plain_csv,1947-01-08T08:00:00+00:00,2026-08-09T23:30:00+00:00,29068.0,2790591.0,2017-01-01T00:00:00+00:00,2026-08-09T23:30:00+00:00,336767.0,1884.0,31:2144998; -1:522187; 254:54632; 41:34820; 145:18278,0.0,,,,,,wl_22006.csv,98548301.544
22035,Laune Br,LAUNE,LAUNE,SOUTH WESTERN RBD,Laune,22,22_14,Laune_SC_010,121.06,559.7,0.22,False,False,True,ok,3507.0,99.99,0.06,10.42,15.0,52.06154972,-9.617092222,Level & Flow,559.70 km²,,True,plain_csv,1991-07-22T17:30:00+00:00,2026-08-09T23:30:00+00:00,12802.0,1229017.0,2017-01-01T00:00:00+00:00,2026-08-09T23:30:00+00:00,336767.0,27.0,31:1098274; -1:49490; 32:42957; 254:35102; 151:2588,0.0,,,,,,wl_22035.csv,121059400.0
22003,Riverville,MAINE,LAUNE,SOUTH WESTERN RBD,Maine,22,22_17,Maine_SC_030,136.82,272.0,0.5,False,False,True,ok,3507.0,99.21,13.95,4.31,15.0,52.19762111,-9.570731944,Level & Flow,272.00 km²,,True,plain_csv,1954-09-27T09:00:00+00:00,2026-08-09T23:30:00+00:00,26249.0,2519963.0,2017-01-01T00:00:00+00:00,2026-08-09T23:30:00+00:00,336767.0,2658.0,31:2000065; -1:268775; 32:101067; 42:86735; 254:30610,0.0,,,,,,wl_22003.csv,136821835.624
22071,Tomies Pier,L.    LEANE,LAUNE,SOUTH WESTERN RBD,Laune,22,22_14,Laune_SC_010,121.06,557.7,0.22,False,False,True,ok,3507.0,99.25,21.66,3.77,15.0,52.05684333,-9.605025,Level & Historic Flow,557.70 km²,,True,plain_csv,1973-10-01T00:00:00+00:00,2026-08-09T23:30:00+00:00,19305.0,1853375.0,2017-01-01T00:00:00+00:00,2026-08-09T23:30:00+00:00,336767.0,2518.0,31:1711335; -1:103464; 32:22259; 254:12711; 42:2698,0.0,,,,,,wl_22071.csv,121059400.0
22005,Torc Weir,OWENGARRIFF,LAUNE,SOUTH WESTERN RBD,Laune,22,22_14,Laune_SC_010,121.06,8.03,15.08,False,False,True,ok,3507.0,99.17,14.21,13.63,15.0,52.00097667,-9.506219722,Level & Flow,8.03 km²,,True,plain_csv,1968-12-22T18:15:00+00:00,2026-08-09T23:30:00+00:00,21049.0,2020726.0,2017-01-01T00:00:00+00:00,2026-08-09T23:30:00+00:00,336767.0,2797.0,31:1273536; -1:351007; 0:334943; 254:46144; 99:13758,0.0,,,,,,wl_22005.csv,121059400.0
22009,White Br,DEENAGH ( LAUNE),LAUNE,SOUTH WESTERN RBD,Deenagh,22,22_1,Deenagh_SC_010,30.46,35.4,0.86,True,False,True,ok,3507.0,99.73,8.0,10.0,15.0,52.05492056,-9.527219167,Level & Flow,35.40 km²,,True,plain_csv,1982-01-11T13:15:00+00:00,2026-08-09T23:30:00+00:00,16281.0,1563018.0,2017-01-01T00:00:00+00:00,2026-08-09T23:30:00+00:00,336767.0,909.0,31:1463068; -1:61755; 254:35869; 32:1407; 101:915,0.0,,,,,,wl_22009.csv,30462295.8646
23048,Abbeydorney D/S,BRICK,FEALE,SHANNON RBD,Brick,23,23_6,Brick_SC_010,97.04,8.37,11.59,False,False,True,ok,2169.0,99.16,2.15,4.63,15.0,52.34722,-9.68818,Level & Flow,8.37 km²,,True,plain_csv,2020-08-31T15:45:00+00:00,2026-08-09T23:30:00+00:00,2169.0,208256.0,2020-08-31T15:45:00+00:00,2026-08-09T23:30:00+00:00,208256.0,1753.0,31:191512; 254:9639; 32:5352; -1:1753,0.0,,,,,,wl_23048.csv,97037191.4822
23051,Athea D/S,GALEY,FEALE,SHANNON RBD,Galey,23,23_3,Galey_SC_010,124.15,36.3,3.42,False,False,True,ok,1920.0,97.82,21.77,10.83,15.0,52.461378,-9.286944,Level,36.30 km²,,True,plain_csv,2021-05-07T00:00:00+00:00,2026-08-09T23:30:00+00:00,1920.0,184415.0,2021-05-07T00:00:00+00:00,2026-08-09T23:30:00+00:00,184415.0,4013.0,31:160423; 254:19979; -1:4013,0.0,,,,,,wl_23051.csv,124150000.0
23052,Athea U/S,GALEY,FEALE,SHANNON RBD,Galey,23,23_3,Galey_SC_010,124.15,36.3,3.42,False,False,True,ok,1920.0,99.98,0.17,10.85,15.0,52.460679,-9.286718,Level & Flow,36.30 km²,,True,plain_csv,2021-05-07T00:00:00+00:00,2026-08-09T23:30:00+00:00,1920.0,184415.0,2021-05-07T00:00:00+00:00,2026-08-09T23:30:00+00:00,184415.0,31.0,31:164375; 254:20009; -1:31,0.0,,,,,,wl_23052.csv,124150000.0
23012,Ballymullen,LEE (KERRY),LEE [TRALEE] TYSHE BIG COASTAL,SHANNON RBD,Lee[Tralee],23,23_8,Lee[Tralee]_SC_010,155.19,60.0,2.59,False,False,True,ok,3507.0,98.53,5.23,13.62,15.0,52.26005944,-9.691574722,Level & Flow,60.00 km²,,True,plain_csv,2004-07-08T13:00:00+00:00,2026-08-09T23:30:00+00:00,8067.0,774475.0,2017-01-01T00:00:00+00:00,2026-08-09T23:30:00+00:00,336767.0,4954.0,31:570785; -1:119797; 254:45977; 32:27311; 1:9313,0.0,,,,,,wl_23012.csv,155192815.66
23045,Ballyseedy,LEE (KERRY),LEE [TRALEE] TYSHE BIG COASTAL,SHANNON RBD,Lee[Tralee],23,23_8,Lee[Tralee]_SC_010,155.19,31.93,4.86,False,False,True,ok,2246.0,99.25,13.67,4.65,15.0,52.25618,-9.64171,Level & Flow,31.93 km²,,True,plain_csv,2020-06-15T13:30:00+00:00,2026-08-09T23:30:00+00:00,2246.0,215657.0,2020-06-15T13:30:00+00:00,2026-08-09T23:30:00+00:00,215657.0,1609.0,31:198456; 254:10024; 32:5568; -1:1609,0.0,,,,,,wl_23045.csv,155192815.66
23001,Inch Br (Galey),GALEY,FEALE,SHANNON RBD,Galey,23,23_1,Galey_SC_020,98.89,192.0,0.52,False,False,True,ok,3507.0,99.4,15.12,5.95,15.0,52.46805194,-9.534399444,Level & Flow,192.00 km²,,True,plain_csv,1949-03-10T14:15:00+00:00,2026-08-09T23:30:00+00:00,28276.0,2714534.0,2017-01-01T00:00:00+00:00,2026-08-09T23:30:00+00:00,336767.0,2035.0,31:2275893; 41:251346; -1:157633; 254:20032; 32:4796,0.0,,,,,,wl_23001.csv,98891818.5924
23044,Lisloose,BALLOONAGH,LEE [TRALEE] TYSHE BIG COASTAL,SHANNON RBD,Lee[Tralee],23,23_8,Lee[Tralee]_SC_010,155.19,1.79,86.7,False,False,True,ok,2278.0,99.68,3.85,5.43,15.0,52.288343,-9.699101,Level & Flow,1.79 km²,,True,plain_csv,2020-05-14T13:45:00+00:00,2026-08-09T23:30:00+00:00,2278.0,218728.0,2020-05-14T13:45:00+00:00,2026-08-09T23:30:00+00:00,218728.0,708.0,31:192956; 32:13184; 254:11880; -1:708,0.0,,,,,,wl_23044.csv,155192815.66
23002,Listowel,FEALE,FEALE,SHANNON RBD,Feale,23,23_13,Feale_SC_040,209.45,646.0,0.32,False,False,True,ok,3507.0,99.44,9.65,13.51,15.0,52.44265528,-9.475689167,Level & Flow,646.00 km²,,True,plain_csv,1946-10-18T17:00:00+00:00,2026-08-09T23:30:00+00:00,29150.0,2798427.0,2017-01-01T00:00:00+00:00,2026-08-09T23:30:00+00:00,336767.0,1900.0,31:2600314; -1:136306; 254:53615; 32:6340; 101:1631,0.0,,,,,,wl_23002.csv,209452915.328
23049,Manor West,Ballybeggan,LEE [TRALEE] TYSHE BIG COASTAL,SHANNON RBD,Lee[Tralee],23,23_8,Lee[Tralee]_SC_010,155.19,12.03,12.9,False,False,True,ok,2083.0,99.97,0.59,4.99,15.0,52.26334,-9.6757,Level & Flow,12.03 km²,,True,plain_csv,2020-11-25T16:30:00+00:00,2026-08-09T23:30:00+00:00,2083.0,199997.0,2020-11-25T16:30:00+00:00,2026-08-09T23:30:00+00:00,199997.0,64.0,31:189889; 254:9970; 32:74; -1:64,0.0,,,,,,wl_23049.csv,155192815.66
23047,Oakpark Road,BIG [KERRY],LEE [TRALEE] TYSHE BIG COASTAL,SHANNON RBD,Lee[Tralee],23,23_8,Lee[Tralee]_SC_010,155.19,9.03,17.19,False,False,True,ok,2236.0,99.95,0.72,13.48,15.0,52.28572,-9.6814,Level & Flow,9.03 km²,,True,plain_csv,2020-06-25T14:45:00+00:00,2026-08-09T23:30:00+00:00,2236.0,214692.0,2020-06-25T14:45:00+00:00,2026-08-09T23:30:00+00:00,214692.0,116.0,31:154859; 254:28940; 101:18732; 42:6821; 32:5224,0.0,,,,,,wl_23047.csv,155192815.66
23050,Riverside Close,BRICK,FEALE,SHANNON RBD,Brick,23,23_6,Brick_SC_010,97.04,6.39,15.19,False,False,True,ok,1888.0,99.96,0.32,5.37,15.0,52.344863,-9.688059,Level,6.39 km²,,True,plain_csv,2021-06-08T10:45:00+00:00,2026-08-09T23:30:00+00:00,1888.0,181300.0,2021-06-08T10:45:00+00:00,2026-08-09T23:30:00+00:00,181300.0,73.0,31:126587; 32:22736; 42:22172; 254:9732; -1:73,0.0,,,,,,wl_23050.csv,97037191.4822
23030,Sleveen Main Channel,BRICK,FEALE,SHANNON RBD,Brick,23,23_14,Brick_SC_020,113.9,175.09,0.65,False,False,True,ok,3507.0,77.94,7.16,11.17,5.0,52.43261611,-9.636918056,Level,175.09 km²,,True,plain_csv,2000-01-01T00:15:00+00:00,2026-08-09T23:30:00+00:00,9717.0,2798776.0,2017-01-01T00:00:00+00:00,2026-08-09T23:30:00+00:00,1010299.0,222865.0,31:2301859; -1:264816; 254:112828; 41:84946; 101:24257,0.0,,,,,,wl_23030.csv,113896245.921
23046,Spring Water Lane,Lissardboola,LEE [TRALEE] TYSHE BIG COASTAL,SHANNON RBD,Lee[Tralee],23,23_8,Lee[Tralee]_SC_010,155.19,13.46,11.53,False,False,True,ok,2235.0,98.58,2.16,4.54,15.0,52.254746,-9.689834,Level & Flow,13.46 km²,,True,plain_csv,2020-06-26T11:15:00+00:00,2026-08-09T23:30:00+00:00,2235.0,214610.0,2020-06-26T11:15:00+00:00,2026-08-09T23:30:00+00:00,214610.0,3056.0,31:189583; 32:12225; 254:9746; -1:3056,0.0,,,,,,wl_23046.csv,155192815.66
23063,Ballyard,LEE ESTY,LEE [TRALEE] TYSHE BIG COASTAL,SHANNON RBD,Lee[Tralee],23,23_8,Lee[Tralee]_SC_010,155.19,61.0,2.54,False,False,False,ok,3507.0,82.8,63.23,14.95,5.0,52.2627675,-9.711964722,Level,61.00 km²,,False,plain_csv,2004-05-29T00:00:00+00:00,2026-08-09T23:30:00+00:00,8107.0,2335099.0,2017-01-01T00:00:00+00:00,2026-08-09T23:30:00+00:00,1010299.0,173805.0,31:1562403; -1:406526; 254:151281; 41:88929; 101:53835,0.0,,,,,,wl_23063.csv,155192815.66
24009,Adare Manor,MAIGUE,SHANNON ESTUARY,SHANNON RBD,Maigue,24,24_8,Maigue_SC_040,117.22,839.72,0.14,False,False,True,ok,3507.0,99.16,9.52,1.57,15.0,52.56441306,-8.7773675,Level,839.72 km²,,True,plain_csv,2007-11-01T16:30:00+00:00,2026-08-09T23:30:00+00:00,6856.0,658205.0,2017-01-01T00:00:00+00:00,2026-08-09T23:30:00+00:00,336767.0,2833.0,31:615368; 32:18519; 101:9072; -1:9066; 254:5530,0.0,,,,,,wl_24009.csv,117223402.17900002
24062,Adare Quay,MAIGUE ESTUARY,SHANNON ESTUARY,SHANNON RBD,Maigue,24,24_8,Maigue_SC_040,117.22,0.0,inf,False,False,True,ok,3507.0,75.27,1.18,1.48,15.0,52.56886722,-8.798123333,Level,0.00 km²,,True,plain_csv,2007-11-30T15:15:00+00:00,2026-08-09T23:30:00+00:00,6827.0,655426.0,2017-01-01T00:00:00+00:00,2026-08-09T23:30:00+00:00,336767.0,83284.0,31:599719; 101:42125; -1:8479; 254:5006; 225:97,0.0,,,,,,wl_24062.csv,117223402.17900002
24005,Athlacca,MORNINGSTAR,MAIGUE,SHANNON RBD,Maigue,24,24_17,Maigue_SC_030,96.28,131.95,0.73,True,False,True,ok,3507.0,99.54,1.85,5.79,15.0,52.45876611,-8.651165833,Level & Flow,131.95 km²,,True,plain_csv,1972-10-01T00:00:00+00:00,2026-08-09T23:30:00+00:00,19670.0,1888415.0,2017-01-01T00:00:00+00:00,2026-08-09T23:30:00+00:00,336767.0,1544.0,31:1659775; -1:202911; 254:25684; 32:45,0.0,,,,,,wl_24005.csv,96283140.649
24004,Bruree,MAIGUE,MAIGUE,SHANNON RBD,Maigue,24,24_11,Maigue_SC_020,135.46,242.0,0.56,False,False,True,ok,3507.0,99.47,4.14,3.87,15.0,52.42322472,-8.660843889,Level & Flow,242.00 km²,,True,plain_csv,1972-10-01T00:00:00+00:00,2026-08-09T23:30:00+00:00,19670.0,1888415.0,2017-01-01T00:00:00+00:00,2026-08-09T23:30:00+00:00,336767.0,1799.0,31:1614143; 254:142658; 99:55862; -1:31748; 32:26618,0.0,,,,,,wl_24004.csv,135464825.237
24008,Castleroberts,MAIGUE,SHANNON,SHANNON RBD,Maigue,24,24_13,Maigue_SC_050,141.43,805.0,0.18,False,False,True,ok,3507.0,98.87,22.96,8.4,15.0,52.54344083,-8.767416389,Level & Flow,805.00 km²,,True,plain_csv,1973-11-28T17:15:00+00:00,2026-08-09T23:15:00+00:00,19247.0,1847737.0,2017-01-01T00:00:00+00:00,2026-08-09T23:15:00+00:00,336766.0,3817.0,31:1767673; -1:39442; 254:28740; 32:7095; 101:4690,0.0,,,,,,wl_24008.csv,141428082.144
24001,Croom,MAIGUE,MAIGUE,SHANNON RBD,Maigue,24,24_13,Maigue_SC_050,141.43,770.36,0.18,False,False,True,ok,3507.0,99.53,2.86,2.06,15.0,52.51922417,-8.718468611,Level & Flow,770.36 km²,,True,plain_csv,1972-10-01T00:00:00+00:00,2026-08-09T23:30:00+00:00,19670.0,1888415.0,2017-01-01T00:00:00+00:00,2026-08-09T23:30:00+00:00,336767.0,1570.0,31:1749722; 32:65834; -1:57560; 254:8377; 41:6136,0.0,,,,,,wl_24001.csv,141428082.144
24011,Deel Br,DEEL,SHANNON ESTUARY,SHANNON RBD,Deel[Newcastlewest],24,24_14,Deel[Newcastlewest]_SC_020,146.49,281.25,0.52,False,False,True,ok,3507.0,100.0,0.02,1.59,15.0,52.44214472,-9.031112778,Level & Flow,281.25 km²,,True,plain_csv,1989-01-01T01:45:00+00:00,2026-08-09T23:30:00+00:00,13734.0,1318552.0,2017-01-01T00:00:00+00:00,2026-08-09T23:30:00+00:00,336767.0,13.0,31:1188681; 32:82723; 254:15011; -1:8766; 42:8389,0.0,,,,,,wl_24011.csv,146486911.828
24100,Gortboy Hotel,DEEL,SHANNON,SHANNON RBD,Deel[Newcastlewest],24,24_14,Deel[Newcastlewest]_SC_020,146.49,39.87,3.67,False,False,True,ok,3507.0,99.33,6.61,1.58,15.0,52.44866611,-9.050871111,Level & Flow,39.87 km²,,True,plain_csv,2008-10-29T16:30:00+00:00,2026-08-09T23:30:00+00:00,6493.0,623357.0,2017-01-01T00:00:00+00:00,2026-08-09T23:30:00+00:00,336767.0,2248.0,31:588593; 32:23765; 254:5319; 101:3331; -1:2349,0.0,,,,,,wl_24100.csv,146486911.828
24012,Grange Br,DEEL,SHANNON ESTUARY,SHANNON RBD,Deel[Newcastlewest],24,24_4,Deel[Newcastlewest]_SC_030,99.44,366.28,0.27,False,False,True,ok,3507.0,99.63,8.51,1.5,15.0,52.4628125,-9.018853889,Level & Flow,366.28 km²,,True,plain_csv,1954-10-01T00:00:00+00:00,2026-08-09T23:30:00+00:00,26245.0,2519615.0,2017-01-01T00:00:00+00:00,2026-08-09T23:30:00+00:00,336767.0,1234.0,31:2392528; -1:60844; 32:52605; 99:8096; 254:5042,0.0,,,,,,wl_24012.csv,99438281.4691
24002,Gray's Br,CAMOGE,MAIGUE,SHANNON RBD,Maigue,24,24_13,Maigue_SC_050,141.43,231.0,0.61,False,False,True,ok,3507.0,98.2,9.55,9.8,15.0,52.51298806,-8.619798056,Level & Flow,231.00 km²,,True,plain_csv,1972-10-01T00:00:00+00:00,2026-08-09T23:15:00+00:00,19670.0,1888414.0,2017-01-01T00:00:00+00:00,2026-08-09T23:15:00+00:00,336766.0,6067.0,31:1576599; -1:208936; 254:33006; 101:26669; 32:24605,0.0,,,,,,wl_24002.csv,141428082.144
24067,Normoyle's Br,GREANAGH,SHANNON ESTUARY,SHANNON RBD,Greanagh,24,24_16,Greanagh_SC_010,154.02,83.74,1.84,False,False,True,ok,3507.0,99.47,15.96,1.48,15.0,52.55980917,-8.825606111,Level & Historic Flow,83.74 km²,,True,plain_csv,2007-11-30T14:45:00+00:00,2026-08-09T23:30:00+00:00,6827.0,655428.0,2017-01-01T00:00:00+00:00,2026-08-09T23:30:00+00:00,336767.0,1789.0,31:631472; -1:12113; 42:6621; 254:5222,0.0,,,,,,wl_24067.csv,154015201.625
24013,Rathkeale,DEEL,SHANNON,SHANNON RBD,Deel[Newcastlewest],24,24_1,Deel[Newcastlewest]_SC_040,61.77,426.0,0.15,False,False,True,ok,3507.0,99.49,6.21,10.42,15.0,52.52096028,-8.943546111,Level & Flow,426.00 km²,,True,plain_csv,1972-10-01T00:00:00+00:00,2026-08-09T23:30:00+00:00,19670.0,1888415.0,2017-01-01T00:00:00+00:00,2026-08-09T23:30:00+00:00,336767.0,1708.0,31:1671830; 32:95069; -1:76439; 254:35080; 156:7777,0.0,,,,,,wl_24013.csv,61770260.0907
24034,Riversfield Weir,LOOBAGH,MAIGUE,SHANNON RBD,Maigue,24,24_11,Maigue_SC_020,135.46,54.66,2.48,False,False,True,ok,3507.0,99.89,1.02,3.88,15.0,52.38757417,-8.540769444,Level & Flow,54.66 km²,,True,plain_csv,2004-07-16T13:00:00+00:00,2026-08-09T23:30:00+00:00,8059.0,773707.0,2017-01-01T00:00:00+00:00,2026-08-09T23:30:00+00:00,336767.0,382.0,31:682850; 99:33581; -1:27285; 254:13704; 32:10731,0.0,,,,,,wl_24034.csv,135464825.237
24047,Rossbrien Railway Br,BALLINACURRA,SHANNON ESTUARY,SHANNON RBD,Ballynaclogh,24,24_10,Ballynaclogh_SC_010,132.02,31.79,4.15,False,False,True,ok,3507.0,96.52,49.16,9.96,15.0,52.63608639,-8.632613611,Level & Flow,31.79 km²,,True,plain_csv,2000-01-01T00:15:00+00:00,2026-08-09T23:30:00+00:00,9717.0,932926.0,2017-01-01T00:00:00+00:00,2026-08-09T23:30:00+00:00,336767.0,11728.0,31:670194; -1:107997; 101:58296; 254:33770; 99:21577,0.0,,,,,,wl_24047.csv,132016057.817
24053,Blackabbey,Adare River,Shannon-Estuary,SOUTH WESTERN RBD,Maigue,24,24_8,Maigue_SC_040,117.22,3.04,38.56,False,False,False,ok,505.0,98.7,4.01,10.05,15.0,52.567713,-8.79192199,Level & Flow,3.04 km²,,False,plain_csv,2025-03-22T00:00:00+00:00,2026-08-09T23:15:00+00:00,505.0,48574.0,2025-03-22T00:00:00+00:00,2026-08-09T23:15:00+00:00,48574.0,631.0,31:43063; 254:4880; -1:631,0.0,,,,,,wl_24053.csv,117223402.17900002
25301,Bracknagh Br,CLODIAGH RIVER,Shannon,SHANNON RBD,CLODIAGH[TULLAMORE],25A,25A_6,CLODIAGH[TULLAMORE]_SC_010,106.91,26.85,3.98,False,False,True,ok,3507.0,98.01,57.56,1.06,15.0,53.18079694,-7.504752222,Level & Flow,26.85 km²,,True,plain_csv,2002-07-08T13:00:00+00:00,2026-08-09T23:30:00+00:00,8798.0,844651.0,2017-01-01T00:00:00+00:00,2026-08-09T23:30:00+00:00,336767.0,6710.0,31:689750; -1:84249; 101:62434; 32:4254; 254:3964,0.0,,,,,,wl_25301.csv,106907212.486
25213,Culleen Fish Farm,BROSNA,SHANNON,SHANNON RBD,BROSNA,25A,25A_10,BROSNA_SC_010,207.98,33.6,6.19,False,False,True,ok,3507.0,99.07,14.3,5.95,15.0,53.549125,-7.351569167,Level & Flow,33.60 km²,,True,plain_csv,1990-04-25T14:30:00+00:00,2026-08-09T23:30:00+00:00,13255.0,1272517.0,2017-01-01T00:00:00+00:00,2026-08-09T23:30:00+00:00,336767.0,3143.0,31:1097099; -1:138371; 254:20483; 32:10248; 41:6221,0.0,,,,,,wl_25213.csv,207981071.439
25006,Ferbane,BROSNA,SHANNON,SHANNON RBD,BROSNA,25A,25A_11,BROSNA_SC_070,100.21,1207.0,0.08,False,False,True,ok,3507.0,99.01,5.03,1.32,15.0,53.2699375,-7.828063056,Level & Flow,1207.00 km²,,True,plain_csv,1947-10-24T13:30:00+00:00,2026-08-09T23:30:00+00:00,28779.0,2762825.0,2017-01-01T00:00:00+00:00,2026-08-09T23:30:00+00:00,336767.0,3339.0,31:2525139; -1:180341; 101:25521; 32:19936; 254:10569,0.0,,,,,,wl_25006.csv,100208790.616
25014,Millbrook,SILVER,SHANNON ESTUARY,SHANNON RBD,BROSNA,25A,25A_11,BROSNA_SC_070,100.21,164.42,0.61,False,False,True,ok,3507.0,99.52,13.74,1.96,15.0,53.21954639,-7.797950278,Level & Flow,164.42 km²,,True,plain_csv,1972-10-01T00:00:00+00:00,2026-08-09T23:30:00+00:00,19670.0,1888415.0,2017-01-01T00:00:00+00:00,2026-08-09T23:30:00+00:00,336767.0,1624.0,31:1810032; -1:66784; 254:7656; 32:2790; 225:1152,0.0,,,,,,wl_25014.csv,100208790.616
25011,Moystown,BROSNA,SHANNON,SHANNON RBD,BROSNA,25A,25A_1,BROSNA_SC_080,49.12,1227.0,0.04,False,False,True,ok,3507.0,99.24,4.64,1.38,15.0,53.23825306,-7.932055,Level & Historic Flow,1227.00 km²,,True,plain_csv,1987-01-01T04:00:00+00:00,2026-08-09T23:30:00+00:00,14465.0,1388719.0,2017-01-01T00:00:00+00:00,2026-08-09T23:30:00+00:00,336767.0,2565.0,31:1306440; 1:29363; -1:28901; 254:18856; 32:2789,0.0,,,,,,wl_25011.csv,49124105.2954
25050,Mullingar Pump Hse,BROSNA,SHANNON,SHANNON RBD,BROSNA,25A,25A_10,BROSNA_SC_010,207.98,54.0,3.85,False,False,True,ok,3507.0,99.41,4.94,6.14,15.0,53.5278825,-7.334809444,Level & Flow,54.00 km²,,True,plain_csv,1977-10-21T15:45:00+00:00,2026-08-09T23:30:00+00:00,17824.0,1711136.0,2017-01-01T00:00:00+00:00,2026-08-09T23:30:00+00:00,336767.0,1973.0,31:1625499; -1:43585; 254:20794; 101:12385; 32:8406,0.0,,,,,,wl_25050.csv,207981071.439
25015,Pollagh,BROSNA,SHANNON,SHANNON RBD,BROSNA,25A,25A_5,BROSNA_SC_040,74.71,918.0,0.08,False,False,True,ok,3507.0,99.41,3.06,1.94,15.0,53.28134944,-7.715862222,Level & Historic Flow,918.00 km²,,True,plain_csv,1972-01-01T09:30:00+00:00,2026-08-09T23:30:00+00:00,19944.0,1914681.0,2017-01-01T00:00:00+00:00,2026-08-09T23:30:00+00:00,336767.0,1999.0,31:1510789; -1:197006; 41:107152; 32:70877; 42:12760,0.0,,,,,,wl_25015.csv,74707396.3992
25016,Rahan (Clodiagh),CLODIAGH,SHANNON,SHANNON RBD,BROSNA,25A,25A_5,BROSNA_SC_040,74.71,253.78,0.29,False,False,True,ok,3507.0,99.66,4.02,1.32,15.0,53.28079861,-7.615675556,Level & Flow,253.78 km²,,True,plain_csv,1951-10-01T00:00:00+00:00,2026-08-09T23:30:00+00:00,27341.0,2624831.0,2017-01-01T00:00:00+00:00,2026-08-09T23:30:00+00:00,336767.0,1136.0,31:2053374; 41:348003; -1:138058; 254:34050; 32:25057,0.0,,,,,,wl_25016.csv,74707396.3992
26374,Scragh Bog,STREAM,Shannon,SHANNON RBD,BROSNA,25A,25A_10,BROSNA_SC_010,207.98,1.37,151.81,False,False,True,ok,3018.0,97.05,9.65,7.11,15.0,53.58537,-7.36614,Level,1.37 km²,,True,plain_csv,2018-05-05T00:00:00+00:00,2026-08-09T23:30:00+00:00,3018.0,289823.0,2018-05-05T00:00:00+00:00,2026-08-09T23:30:00+00:00,289823.0,8548.0,31:260662; 254:20613; -1:8548,0.0,,,,,,wl_26374.csv,207981071.439
25017,Banagher,SHANNON,SHANNON,SHANNON RBD,Shannon[Lower],25B,25B_4,Shannon[Lower]_SC_050,164.48,7989.0,0.02,False,False,True,ok,3507.0,99.94,1.04,1.47,15.0,53.19378667,-7.993646667,Level & Flow,7989.00 km²,,True,plain_csv,1989-01-02T09:00:00+00:00,2026-08-09T23:30:00+00:00,13733.0,1318427.0,2017-01-01T00:00:00+00:00,2026-08-09T23:30:00+00:00,336767.0,210.0,31:1245451; 41:38731; -1:15441; 32:13570; 254:5033,0.0,,,,,,wl_25017.csv,164475899.728
25021,Croghan,LITTLE BROSNA,SHANNON,SHANNON RBD,Shannon[Lower],25B,25B_5,Shannon[Lower]_SC_060,131.13,493.0,0.27,False,False,True,ok,3507.0,99.73,5.51,1.29,15.0,53.10174167,-7.920461944,Level & Flow,493.00 km²,,True,plain_csv,1961-09-22T18:00:00+00:00,2026-08-09T23:30:00+00:00,23697.0,2274935.0,2017-01-01T00:00:00+00:00,2026-08-09T23:30:00+00:00,336767.0,900.0,31:2131462; -1:118448; 32:17686; 254:4375; 225:2686,0.0,,,,,,wl_25021.csv,131130911.765
26352,Derryholmes d/s,SHANNON,Shannon,SHANNON RBD,Shannon[Lower],25B,25B_2,Shannon[Lower]_SC_030,120.21,6690.02,0.02,False,False,True,ok,3507.0,99.97,1.04,1.38,15.0,53.24395994,-7.99395353,Level,6690.02 km²,,True,plain_csv,2016-11-23T15:15:00+00:00,2026-08-09T23:30:00+00:00,3546.0,340450.0,2017-01-01T00:00:00+00:00,2026-08-09T23:30:00+00:00,336767.0,113.0,31:335581; 254:4753; -1:115; 32:1,0.0,,,,,,wl_26352.csv,120206466.762
26351,Derryholmes u/s,SHANNON,SHANNON,SHANNON RBD,Shannon[Lower],25B,25B_2,Shannon[Lower]_SC_030,120.21,6689.49,0.02,False,False,True,ok,3507.0,98.63,19.02,1.38,15.0,53.24801241,-8.0003645,Level,6689.49 km²,,True,plain_csv,2016-11-23T00:00:00+00:00,2026-08-09T23:30:00+00:00,3546.0,340511.0,2017-01-01T00:00:00+00:00,2026-08-09T23:30:00+00:00,336767.0,4628.0,31:331219; 254:4661; -1:4631,0.0,,,,,,wl_26351.csv,120206466.762
25056,Meelick Weir U/S,SHANNON,SHANNON,SHANNON RBD,Shannon[Lower],25B,25B_4,Shannon[Lower]_SC_050,164.48,1514.9,0.11,False,False,True,ok,3507.0,97.8,21.01,1.55,15.0,53.17607972,-8.076067778,Level,1514.90 km²,,True,plain_csv,2003-12-30T03:30:00+00:00,2026-08-09T23:30:00+00:00,8258.0,792849.0,2017-01-01T00:00:00+00:00,2026-08-09T23:30:00+00:00,336767.0,7415.0,31:717129; 32:48945; -1:20000; 254:5318; 101:1457,0.0,,,,,,wl_25056.csv,164475899.728
25023,Milltown,LITTLE BROSNA,SHANNON ESTUARY,SHANNON RBD,LittleBrosna,25B,25B_6,LittleBrosna_SC_010,190.7,113.86,1.67,False,False,True,ok,3507.0,99.64,3.32,1.29,15.0,52.96926028,-7.897308611,Level & Historic Flow,113.86 km²,,True,plain_csv,1972-10-01T00:00:00+00:00,2026-08-09T23:30:00+00:00,19670.0,1888415.0,2017-01-01T00:00:00+00:00,2026-08-09T23:30:00+00:00,336767.0,1206.0,31:1550921; -1:232004; 101:87665; 32:13465; 254:4360,0.0,,,,,,wl_25023.csv,190700951.493
25024,New Br (Little Brosna),LITTLE BROSNA,SHANNON,SHANNON RBD,Shannon[Lower],25B,25B_5,Shannon[Lower]_SC_060,131.13,508.0,0.26,False,False,True,ok,3507.0,99.44,3.99,1.47,15.0,53.13191167,-7.975743333,Level & Historic Flow,508.00 km²,,True,plain_csv,1980-01-01T00:00:00+00:00,2026-08-09T23:30:00+00:00,17022.0,1634207.0,2017-01-01T00:00:00+00:00,2026-08-09T23:30:00+00:00,336767.0,1902.0,31:1519052; -1:52052; 101:48632; 41:6771; 254:4942,0.0,,,,,,wl_25024.csv,131130911.765
25022,Syngefield,CAMCOR,Shannon,SHANNON RBD,Camcor,25B,25B_3,Camcor_SC_010,152.53,160.0,0.95,True,False,True,ok,3507.0,98.69,22.12,1.83,15.0,53.09280472,-7.881580278,Level & Flow,160.00 km²,,True,plain_csv,1953-09-23T15:00:00+00:00,2026-08-09T23:30:00+00:00,26618.0,2555363.0,2017-01-01T00:00:00+00:00,2026-08-09T23:30:00+00:00,336767.0,4427.0,31:1732222; 41:694199; -1:90629; 32:17859; 101:14280,0.0,,,,,,wl_25022.csv,152531950.191
25058,Victoria Lock,CANAL,Shannon,SHANNON RBD,Shannon[Lower],25B,25B_5,Shannon[Lower]_SC_060,131.13,0.0,inf,False,False,True,ok,3507.0,99.34,5.59,1.49,15.0,53.16877194,-8.080450833,Level,0.00 km²,,True,plain_csv,2004-01-01T10:30:00+00:00,2026-08-09T23:30:00+00:00,8256.0,792629.0,2017-01-01T00:00:00+00:00,2026-08-09T23:30:00+00:00,336767.0,2207.0,31:756787; 32:16244; -1:14365; 254:5225; 101:8,0.0,,,,,,wl_25058.csv,131130911.765
26353,W.O.P.S. Rail Bridge,SHANNON,SHANNON,SHANNON RBD,Shannon[Lower],25B,25B_4,Shannon[Lower]_SC_050,164.48,6575.53,0.03,False,False,True,ok,3507.0,98.95,6.11,1.3,15.0,53.26828507,-8.04051571,Level,6575.53 km²,,True,plain_csv,2016-12-02T15:00:00+00:00,2026-08-09T04:45:00+00:00,3536.0,339512.0,2017-01-01T00:00:00+00:00,2026-08-09T04:45:00+00:00,336692.0,3551.0,31:330227; -1:4459; 254:4379; 101:447,0.0,,,,,,wl_26353.csv,164475899.728
25340,Fairyhill,STREAM,SHANNON,SHANNON RBD,Shannon[Lower],25B,25B_4,Shannon[Lower]_SC_050,164.48,0.0,inf,False,False,False,ok,1175.0,99.61,1.14,4.69,15.0,53.094038,-8.20259699,Level,0.00 km²,,False,plain_csv,2023-05-22T16:00:00+00:00,2026-08-09T23:30:00+00:00,1175.0,112831.0,2023-05-22T16:00:00+00:00,2026-08-09T23:30:00+00:00,112831.0,445.0,31:103424; 254:5290; 32:3672; -1:445,0.0,,,,,,wl_25340.csv,164475899.728
25341,Portumna Bridge,SHANNON,SHANNON,SHANNON RBD,Shannon[Lower],25B,25B_4,Shannon[Lower]_SC_050,164.48,8806.68,0.02,False,False,False,ok,1175.0,99.39,7.17,3.94,15.0,53.0915,-8.19565599,Level,8806.68 km²,,False,plain_csv,2023-05-22T15:30:00+00:00,2026-08-09T23:30:00+00:00,1175.0,112833.0,2023-05-22T15:30:00+00:00,2026-08-09T23:30:00+00:00,112833.0,689.0,31:107698; 254:4446; -1:689,0.0,,,,,,wl_25341.csv,164475899.728
25025,Ballyhooney,BALLYFINBOY,SHANNON,SHANNON RBD,Ballyfinboy,25C,25C_9,Ballyfinboy_SC_010,194.68,182.79,1.07,True,False,True,ok,3507.0,99.23,6.08,1.31,15.0,53.01445028,-8.205765556,Level & Flow,182.79 km²,,True,plain_csv,1972-10-01T00:00:00+00:00,2026-08-09T23:30:00+00:00,19670.0,1888415.0,2017-01-01T00:00:00+00:00,2026-08-09T23:30:00+00:00,336767.0,2598.0,31:1735337; -1:89036; 32:57540; 254:6502,0.0,,,,,,wl_25025.csv,194677452.408
25029,Clarianna,NENAGH,SHANNON,SHANNON RBD,Nenagh,25C,25C_11,Nenagh_SC_020,88.75,292.67,0.3,False,False,True,ok,3507.0,98.25,18.36,4.87,15.0,52.89162278,-8.207709722,Level & Flow,292.67 km²,,True,plain_csv,1972-01-01T00:00:00+00:00,2026-08-09T23:15:00+00:00,19944.0,1914718.0,2017-01-01T00:00:00+00:00,2026-08-09T23:15:00+00:00,336766.0,5877.0,31:1637288; -1:125527; 101:86221; 32:49181; 254:16500,0.0,,,,,,wl_25029.csv,88749920.1896
25027,Gourdeen,OLLATRIM,SHANNON,SHANNON RBD,Ollatrim,25C,25C_4,Ollatrim_SC_010,119.72,118.0,1.01,True,False,True,ok,3507.0,99.11,7.83,14.82,15.0,52.86841167,-8.168575,Level & Flow,118.00 km²,,True,plain_csv,1972-01-01T00:00:00+00:00,2026-08-09T23:30:00+00:00,19944.0,1914719.0,2017-01-01T00:00:00+00:00,2026-08-09T23:30:00+00:00,336767.0,3011.0,31:1623842; 101:113052; 32:68543; -1:57867; 254:49907,0.0,,,,,,wl_25027.csv,119718398.67599998
25020,Killeen,KILLIMOR,SHANNON,SHANNON RBD,Kilcrow,25C,25C_12,Kilcrow_SC_010,224.94,197.0,1.14,True,False,True,ok,3507.0,99.29,7.65,1.27,15.0,53.149715,-8.303336111,Level & Flow,197.00 km²,,True,plain_csv,1986-01-01T02:15:00+00:00,2026-08-09T23:30:00+00:00,14830.0,1423766.0,2017-01-01T00:00:00+00:00,2026-08-09T23:30:00+00:00,336767.0,2401.0,31:1209897; -1:188438; 32:15953; 254:5544; 101:3934,0.0,,,,,,wl_25020.csv,224943223.432
25030,Scarriff,GRANEY,SHANNON,SHANNON RBD,Graney[Shannon],25C,25C_3,Graney[Shannon]_SC_010,116.56,279.0,0.42,False,False,True,ok,3507.0,98.47,6.22,2.74,15.0,52.90836472,-8.533124722,Level & Flow,279.00 km²,,True,plain_csv,1972-10-01T00:00:00+00:00,2026-08-09T23:30:00+00:00,19670.0,1888415.0,2017-01-01T00:00:00+00:00,2026-08-09T23:30:00+00:00,336767.0,5159.0,31:1798679; -1:64228; 32:16117; 254:9316; 146:74,0.0,,,,,,wl_25030.csv,116564439.06000002
25003,Abington,MULKEAR,Shannon,SHANNON RBD,Mulkear,25D,25D_8,Mulkear_SC_020,75.53,397.0,0.19,False,False,True,ok,3507.0,98.31,6.65,2.4,15.0,52.63186778,-8.421220833,Level & Flow,397.00 km²,,True,plain_csv,1995-04-03T18:00:00+00:00,2026-08-09T23:30:00+00:00,11451.0,1099319.0,2017-01-01T00:00:00+00:00,2026-08-09T23:30:00+00:00,336767.0,5706.0,31:914906; 32:145094; -1:19890; 254:8079; 101:7813,0.0,,,,,,wl_25003.csv,75528237.5826
25001,Annacotty,MULKEAR,SHANNON,SHANNON RBD,Shannon[Lower],25D,25D_9,Shannon[Lower]_SC_090,107.55,646.0,0.17,False,False,True,ok,3507.0,97.76,12.28,3.77,15.0,52.66927583,-8.529146944,Level & Flow,646.00 km²,,True,plain_csv,1972-10-01T00:00:00+00:00,2026-08-09T23:30:00+00:00,19670.0,1888415.0,2017-01-01T00:00:00+00:00,2026-08-09T23:30:00+00:00,336767.0,7542.0,31:1686964; -1:136695; 32:37419; 101:14085; 254:12859,0.0,,,,,,wl_25001.csv,107550019.323
25061,Ball's Br,ABBEY ESTY,Shannon-Estuary,SHANNON RBD,Shannon[Lower],25D,25D_9,Shannon[Lower]_SC_090,107.55,11689.0,0.01,False,False,True,ok,3507.0,98.29,4.86,8.65,5.0,52.666448,-8.61883899,Level,11689.00 km²,,True,plain_csv,2002-09-13T16:30:00+00:00,2026-08-09T23:00:00+00:00,8731.0,2514607.0,2017-01-01T00:00:00+00:00,2026-08-09T23:00:00+00:00,1010293.0,17233.0,31:2193700; 32:132003; 254:87390; -1:52575; 42:36840,0.0,,,,,,wl_25061.csv,107550019.323
25002,Barrington's Br,NEWPORT,SHANNON,SHANNON RBD,Shannon[Lower],25D,25D_9,Shannon[Lower]_SC_090,107.55,223.0,0.48,False,False,True,ok,3507.0,99.74,3.88,12.37,15.0,52.64494583,-8.475033333,Level & Flow,223.00 km²,,True,plain_csv,1953-10-01T00:00:00+00:00,2026-08-09T23:30:00+00:00,26610.0,2554655.0,2017-01-01T00:00:00+00:00,2026-08-09T23:30:00+00:00,336767.0,873.0,31:2222248; 32:182897; -1:63317; 254:41794; 41:20648,0.0,,,,,,wl_25002.csv,107550019.323
25309,Clonsingle Br,ANNAGH,SHANNON ESTUARY,SHANNON RBD,Kileengarrif,25D,25D_4,Kileengarrif_SC_010,122.56,66.64,1.84,False,False,True,ok,3507.0,99.77,1.61,15.0,15.0,52.68508066,-8.4319945,Level & Historic Flow,66.64 km²,,True,plain_csv,1999-10-14T13:15:00+00:00,2026-08-09T23:30:00+00:00,9796.0,940458.0,2017-01-01T00:00:00+00:00,2026-08-09T23:30:00+00:00,336767.0,763.0,31:719269; 254:146358; -1:35428; 32:14296; 101:12316,0.0,,,,,,wl_25309.csv,122557191.64199999
25012,Groody Br,GROODY,SHANNON,SHANNON RBD,Shannon[Lower],25D,25D_9,Shannon[Lower]_SC_090,107.55,65.0,1.65,False,False,True,ok,3507.0,98.8,12.01,8.11,15.0,52.66475972,-8.583883056,Level & Historic Flow,65.00 km²,,True,plain_csv,2002-09-30T16:00:00+00:00,2026-08-09T23:30:00+00:00,8714.0,836575.0,2017-01-01T00:00:00+00:00,2026-08-09T23:30:00+00:00,336767.0,4027.0,31:734044; -1:41429; 32:28953; 254:27314; 101:4690,0.0,,,,,,wl_25012.csv,107550019.323
25004,New Br (Bilboa),BILBOA,SHANNON ESTUARY,SHANNON RBD,Bilboa,25D,25D_5,Bilboa_SC_010,123.12,122.26,1.01,True,False,True,ok,3506.0,99.11,4.46,4.22,15.0,52.59164417,-8.314668889,Level & Flow,122.26 km²,,True,plain_csv,1976-01-01T00:00:00+00:00,2026-08-08T12:45:00+00:00,18482.0,1774324.0,2017-01-01T00:00:00+00:00,2026-08-08T12:45:00+00:00,336628.0,3000.0,31:1335078; 99:162217; -1:152152; 32:35937; 41:27897,0.0,,,,,,wl_25004.csv,123121499.82
25005,Sunville,DEAD,Shannon,SHANNON RBD,Mulkear,25D,25D_7,Mulkear_SC_010,99.6,190.0,0.52,False,False,True,ok,3507.0,99.22,3.4,2.75,15.0,52.58146778,-8.329348056,Level & Flow,190.00 km²,,True,plain_csv,1972-10-01T00:00:00+00:00,2026-08-09T23:30:00+00:00,19670.0,1888415.0,2017-01-01T00:00:00+00:00,2026-08-09T23:30:00+00:00,336767.0,2619.0,31:1044841; -1:631602; 101:194615; 254:9738; 32:7619,0.0,,,,,,wl_25005.csv,99598402.017
25308,Waterpark Br,NEWPORT,SHANNON ESTUARY,SHANNON RBD,Kileengarrif,25D,25D_4,Kileengarrif_SC_010,122.56,123.46,0.99,True,False,True,ok,3507.0,97.85,41.96,2.39,15.0,52.69524639,-8.464589444,Level & Historic Flow,123.46 km²,,True,plain_csv,1999-10-14T16:15:00+00:00,2026-08-09T23:30:00+00:00,9796.0,940446.0,2017-01-01T00:00:00+00:00,2026-08-09T23:30:00+00:00,336767.0,7231.0,31:796061; 99:50373; -1:43750; 32:25119; 101:11232,0.0,,,,,,wl_25308.csv,122557191.64199999
25342,Ballymackeogh,MULKEAR,MULKEAR,SOUTH WESTERN RBD,Kileengarrif,25D,25D_4,Kileengarrif_SC_010,122.56,98.8,1.24,True,False,False,ok,479.0,100.0,0.01,12.22,15.0,52.7073,-8.4406,Level & Flow,98.80 km²,,False,plain_csv,2025-04-17T13:00:00+00:00,2026-08-09T23:30:00+00:00,479.0,46027.0,2025-04-17T13:00:00+00:00,2026-08-09T23:30:00+00:00,46027.0,0.0,31:40401; 254:5626,0.0,,,,,,wl_25342.csv,122557191.64199999
26074,Blackrock Lock,L.    ALLEN,Shannon,SHANNON RBD,Shannon[Upper],26A,26A_3,Shannon[Upper]_SC_020,153.32,442.1,0.35,False,False,True,ok,3507.0,98.94,12.91,6.73,15.0,54.048448,-8.05076799,Level,442.10 km²,,True,plain_csv,1994-07-22T15:15:00+00:00,2026-08-09T23:30:00+00:00,11706.0,1123810.0,2017-01-01T00:00:00+00:00,2026-08-09T23:30:00+00:00,336767.0,3574.0,31:722561; -1:378597; 254:22652,0.0,,,,,,wl_26074.csv,153321070.118
26014,Banada Br (Lung),LUNG,Shannon-Estuary,SHANNON RBD,Lung,26B,26B_6,Lung_SC_020,90.55,215.14,0.42,False,False,True,ok,3507.0,99.82,6.2,5.87,15.0,53.89701361,-8.557030556,Level & Flow,215.14 km²,,True,plain_csv,1953-06-06T14:00:00+00:00,2026-08-09T23:30:00+00:00,26727.0,2565831.0,2017-01-01T00:00:00+00:00,2026-08-09T23:30:00+00:00,336767.0,605.0,31:2281940; -1:246904; 254:19892; 32:14197; 101:2898,0.0,,,,,,wl_26014.csv,90550041.1636
26108,Boyle Abbey Br,BOYLE,SHANNON,SHANNON RBD,Boyle,26B,26B_3,Boyle_SC_020,101.89,533.0,0.19,False,False,True,ok,3507.0,98.34,8.51,5.79,15.0,53.97283889,-8.296673056,Level & Flow,533.00 km²,,True,plain_csv,1990-11-28T02:15:00+00:00,2026-08-09T23:30:00+00:00,13038.0,1251734.0,2017-01-01T00:00:00+00:00,2026-08-09T23:30:00+00:00,336767.0,5604.0,31:1069828; 32:104935; -1:46907; 254:19492; 101:9799,0.0,,,,,,wl_26108.csv,101885600.524
26075,Cuppanagh,L.    GARA,SHANNON,SHANNON RBD,Boyle,26B,26B_5,Boyle_SC_010,108.84,495.0,0.22,False,False,True,ok,3507.0,98.27,14.07,11.29,15.0,53.95833306,-8.406193056,Level & Flow,495.00 km²,,True,plain_csv,1980-09-16T15:00:00+00:00,2026-08-09T16:00:00+00:00,16763.0,1609253.0,2017-01-01T00:00:00+00:00,2026-08-09T16:00:00+00:00,336737.0,5827.0,254:859521; 31:579652; 1:129777; -1:33102; 32:7200,0.0,,,,,,wl_26075.csv,108836138.056
26087,Lomcloon,L.    GARA,Shannon,SHANNON RBD,Boyle,26B,26B_5,Boyle_SC_010,108.84,470.0,0.23,False,False,True,ok,3507.0,99.49,7.38,5.93,15.0,53.92467278,-8.467148889,Level,470.00 km²,,True,plain_csv,1983-06-05T16:15:00+00:00,2026-08-09T23:30:00+00:00,15771.0,1514046.0,2017-01-01T00:00:00+00:00,2026-08-09T23:30:00+00:00,336767.0,1715.0,31:1298999; -1:71258; 101:63400; 32:43406; 254:20074,0.0,,,,,,wl_26087.csv,108836138.056
26020,Argar,CAMLIN,SHANNON ESTUARY,SHANNON RBD,Camlin,26C,26C_6,Camlin_SC_010,149.26,122.44,1.22,True,False,True,ok,3507.0,97.25,9.95,11.46,15.0,53.76379167,-7.726045833,Level & Historic Flow,122.44 km²,,True,plain_csv,1972-01-01T00:00:00+00:00,2026-08-09T23:30:00+00:00,19944.0,1914719.0,2017-01-01T00:00:00+00:00,2026-08-09T23:30:00+00:00,336767.0,9260.0,31:1593508; 99:180447; -1:67891; 254:39378; 101:33495,0.0,,,,,,wl_26020.csv,149256800.713
26009,Bellantra Br,BLACK [South Leitrim],SHANNON,SHANNON RBD,Black[SouthLeitrim],26C,26C_2,Black[SouthLeitrim]_SC_010,104.24,97.0,1.07,True,False,True,ok,3507.0,99.41,5.51,19.92,15.0,53.85440056,-7.805156667,Level & Flow,97.00 km²,,True,plain_csv,1972-10-01T00:00:00+00:00,2026-08-09T23:30:00+00:00,19670.0,1888415.0,2017-01-01T00:00:00+00:00,2026-08-09T23:30:00+00:00,336767.0,1985.0,31:1558160; -1:149000; 254:86902; 101:65744; 32:28609,0.0,,,,,,wl_26009.csv,104244080.993
26324,Carrick-On-Shannon,SHANNON,SHANNON,SHANNON RBD,Shannon[Upper],26C,26C_11,Shannon[Upper]_SC_030,100.1,1301.21,0.08,False,False,True,ok,3507.0,99.85,2.73,5.93,15.0,53.94320444,-8.0958,Level & Historic Flow,1301.21 km²,,True,plain_csv,2004-07-29T18:30:00+00:00,2026-08-09T23:30:00+00:00,8046.0,772437.0,2017-01-01T00:00:00+00:00,2026-08-09T23:30:00+00:00,336767.0,506.0,31:663986; 32:46467; -1:23090; 254:19954; 101:9739,0.0,,,,,,wl_26324.csv,100102783.85300002
26015,Corrascoffy,ESLIN,SHANNON ESTUARY,SHANNON RBD,Eslin,26C,26C_10,Eslin_SC_010,69.4,59.47,1.17,True,False,True,ok,3507.0,98.67,36.72,7.6,15.0,53.88674,-7.918775,Level & Flow,59.47 km²,,True,plain_csv,1972-10-01T00:00:00+00:00,2026-08-09T23:30:00+00:00,19670.0,1888415.0,2017-01-01T00:00:00+00:00,2026-08-09T23:30:00+00:00,336767.0,4470.0,31:1670907; 99:96628; -1:91728; 254:25695; 101:2208,0.0,,,,,,wl_26015.csv,69396600.568
26089,Drumsna,SHANNON,SHANNON,SHANNON RBD,Shannon[Upper],26C,26C_5,Shannon[Upper]_SC_040,132.84,1389.62,0.1,False,False,True,ok,3507.0,98.86,15.35,5.92,15.0,53.92314444,-8.008172778,Level,1389.62 km²,,True,plain_csv,2007-07-05T14:15:00+00:00,2026-08-09T23:30:00+00:00,6975.0,669638.0,2017-01-01T00:00:00+00:00,2026-08-09T23:30:00+00:00,336767.0,3843.0,31:639553; 254:19931; -1:6460; 32:3694,0.0,,,,,,wl_26089.csv,132835251.081
26085,Jamestown,SHANNON,SHANNON,SHANNON RBD,Shannon[Upper],26C,26C_11,Shannon[Upper]_SC_030,100.1,1379.0,0.07,False,False,True,ok,3507.0,99.89,1.15,5.86,15.0,53.92306028,-8.030334444,Level & Flow,1379.00 km²,,True,plain_csv,2005-06-14T14:15:00+00:00,2026-08-09T23:30:00+00:00,7726.0,741734.0,2017-01-01T00:00:00+00:00,2026-08-09T23:30:00+00:00,336767.0,386.0,31:571093; 99:65502; -1:43508; 41:38615; 254:19751,0.0,,,,,,wl_26085.csv,100102783.85300002
26401,Jamestown Weir D/S,SHANNON,SHANNON,SHANNON RBD,Shannon[Upper],26C,26C_11,Shannon[Upper]_SC_030,100.1,1379.89,0.07,False,False,True,ok,1861.0,98.55,9.16,11.15,15.0,53.928884,-8.03074,Level,1379.89 km²,,True,plain_csv,2021-07-05T12:30:00+00:00,2026-08-09T23:30:00+00:00,1861.0,178701.0,2021-07-05T12:30:00+00:00,2026-08-09T23:30:00+00:00,178701.0,2584.0,31:153109; 254:19928; 32:3080; -1:2584,0.0,,,,,,wl_26401.csv,100102783.85300002
26359,Jamestown Weir U/S,SHANNON,SHANNON,SHANNON RBD,Shannon[Upper],26C,26C_11,Shannon[Upper]_SC_030,100.1,1379.89,0.07,False,False,True,ok,1861.0,99.02,9.16,11.12,15.0,53.928953,-8.030268,Level,1379.89 km²,,True,plain_csv,2021-07-05T09:45:00+00:00,2026-08-09T23:30:00+00:00,1861.0,178712.0,2021-07-05T09:45:00+00:00,2026-08-09T23:30:00+00:00,178712.0,1752.0,31:157094; 254:19866; -1:1752,0.0,,,,,,wl_26359.csv,100102783.85300002
26008,Johnston's Br,RINN,SHANNON,SHANNON RBD,Shannon[Upper],26C,26C_9,Shannon[Upper]_SC_050,133.26,292.0,0.46,False,False,True,ok,3507.0,98.9,28.02,6.75,15.0,53.82777028,-7.862745833,Level & Flow,292.00 km²,,True,plain_csv,1979-09-26T15:45:00+00:00,2026-08-09T23:30:00+00:00,17119.0,1643456.0,2017-01-01T00:00:00+00:00,2026-08-09T23:30:00+00:00,336767.0,3693.0,31:1478901; -1:111584; 32:26991; 254:22841; 102:3139,0.0,,,,,,wl_26008.csv,133258003.15
26022,Kilmore,FALLAN,SHANNON ESTUARY,SHANNON RBD,Shannon[Upper],26C,26C_7,Shannon[Upper]_SC_060,181.76,61.88,2.94,False,False,True,ok,3507.0,99.16,16.02,6.13,15.0,53.71025667,-7.872534167,Level & Flow,61.88 km²,,True,plain_csv,1972-01-01T00:00:00+00:00,2026-08-09T23:30:00+00:00,19944.0,1914719.0,2017-01-01T00:00:00+00:00,2026-08-09T23:30:00+00:00,336767.0,2815.0,31:913274; -1:625771; 41:352620; 254:23054,0.0,,,,,,wl_26022.csv,181757848.144
26079,Lough Rinn,LOUGH RINN,Shannon,SHANNON RBD,Shannon[Upper],26C,26C_9,Shannon[Upper]_SC_050,133.26,165.26,0.81,True,False,True,ok,3507.0,99.3,20.0,6.77,15.0,53.89398889,-7.851743889,Level,165.26 km²,,True,plain_csv,2004-08-03T09:45:00+00:00,2026-08-09T23:30:00+00:00,8041.0,771992.0,2017-01-01T00:00:00+00:00,2026-08-09T23:30:00+00:00,336767.0,2358.0,31:540786; 101:113909; 32:63350; -1:31091; 254:22856,0.0,,,,,,wl_26079.csv,133258003.15
26019,Mullagh,CAMLIN,SHANNON,SHANNON RBD,Shannon[Upper],26C,26C_7,Shannon[Upper]_SC_060,181.76,252.96,0.72,True,False,True,ok,3507.0,99.76,3.3,6.14,15.0,53.73289833,-7.823796667,Level & Flow,252.96 km²,,True,plain_csv,1953-09-16T12:30:00+00:00,2026-08-09T23:30:00+00:00,26625.0,2556045.0,2017-01-01T00:00:00+00:00,2026-08-09T23:30:00+00:00,336767.0,800.0,31:2415338; -1:86246; 32:28610; 254:21507; 101:3783,0.0,,,,,,wl_26019.csv,181757848.144
26010,Riverstown,CLOONE,Shannon,SHANNON RBD,Cloone[LoughRinn],26C,26C_4,Cloone[LoughRinn]_SC_010,118.0,100.0,1.18,True,False,True,ok,3507.0,98.48,15.65,9.08,15.0,53.93121306,-7.815074167,Level & Flow,100.00 km²,,True,plain_csv,1972-10-01T00:00:00+00:00,2026-08-09T23:30:00+00:00,19670.0,1888415.0,2017-01-01T00:00:00+00:00,2026-08-09T23:30:00+00:00,336767.0,5105.0,31:1569361; -1:259586; 254:54964; 32:2972; 225:864,0.0,,,,,,wl_26010.csv,117998155.85
26140,Ahascragh Pump Hse,BUNOWEN,SHANNON,SHANNON RBD,Suck,26D,26D_2,Suck_SC_080,205.36,100.35,2.05,False,False,True,ok,3507.0,98.26,41.85,1.19,15.0,53.39263583,-8.3310025,Level & Flow,100.35 km²,,True,plain_csv,2007-11-13T13:45:00+00:00,2026-08-09T23:30:00+00:00,6844.0,657064.0,2017-01-01T00:00:00+00:00,2026-08-09T23:30:00+00:00,336767.0,5874.0,31:615022; -1:19836; 101:11540; 32:6632; 254:4034,0.0,,,,,,wl_26140.csv,205364391.935
26001,Ballinamore,SHIVEN,SHANNON,SHANNON RBD,Suck,26D,26D_10,Suck_SC_050,137.6,230.0,0.6,False,False,True,ok,3507.0,99.43,6.34,1.16,15.0,53.48978639,-8.366001667,Level & Flow,230.00 km²,,True,plain_csv,1972-10-01T00:00:00+00:00,2026-08-09T23:30:00+00:00,19670.0,1888415.0,2017-01-01T00:00:00+00:00,2026-08-09T23:30:00+00:00,336767.0,1921.0,31:1693319; -1:190532; 254:3892; 225:669; 32:3,0.0,,,,,,wl_26001.csv,137599546.643
26355,Ballinasloe Old Channel,SUCK,SHANNON,SHANNON RBD,Suck,26D,26D_2,Suck_SC_080,205.36,1428.26,0.14,False,False,True,ok,2601.0,99.55,4.0,0.98,15.0,53.330403,-8.218688,Level,1428.26 km²,,True,plain_csv,2019-06-26T16:30:00+00:00,2026-08-09T23:30:00+00:00,2601.0,249725.0,2019-06-26T16:30:00+00:00,2026-08-09T23:30:00+00:00,249725.0,1133.0,31:245040; 254:2449; -1:1133; 101:1103,0.0,,,,,,wl_26355.csv,205364391.935
26402,Ballinasloe Rail Station,Derrymullen Stream,SUCK,WESTERN RBD,Suck,26D,26D_2,Suck_SC_080,205.36,61.0,3.37,False,False,True,ok,1914.0,98.59,13.97,1.33,15.0,53.336079,-8.239177,Level,61.00 km²,,True,plain_csv,2021-05-13T09:30:00+00:00,2026-08-09T23:30:00+00:00,1914.0,183801.0,2021-05-13T09:30:00+00:00,2026-08-09T23:30:00+00:00,183801.0,2591.0,31:178762; -1:2591; 254:2448,0.0,,,,,,wl_26402.csv,205364391.935
26354,Ballinasloe Town,SUCK,Shannon,SHANNON RBD,Suck,26D,26D_2,Suck_SC_080,205.36,1428.26,0.14,False,False,True,ok,2229.0,99.89,0.06,1.41,15.0,53.3295,-8.21493,Level & Flow,1428.26 km²,,True,plain_csv,2020-07-02T12:00:00+00:00,2026-08-09T23:30:00+00:00,2229.0,214031.0,2020-07-02T12:00:00+00:00,2026-08-09T23:30:00+00:00,214031.0,242.0,31:206483; 32:4280; 254:3026; -1:242,0.0,,,,,,wl_26354.csv,205364391.935
26007,Bellagill,SUCK,SHANNON,SHANNON RBD,Suck,26D,26D_2,Suck_SC_080,205.36,1184.0,0.17,False,False,True,ok,3507.0,99.71,10.02,1.15,15.0,53.36168722,-8.238554167,Level & Flow,1184.00 km²,,True,plain_csv,1968-09-01T11:00:00+00:00,2026-08-09T23:30:00+00:00,21161.0,2031507.0,2017-01-01T00:00:00+00:00,2026-08-09T23:30:00+00:00,336767.0,979.0,31:1699229; -1:313202; 32:14967; 254:4030; 101:79,0.0,,,,,,wl_26007.csv,205364391.935
26004,Bookala,ISLAND,SHANNON,SHANNON RBD,Suck,26D,26D_8,Suck_SC_020,145.41,136.0,1.07,True,False,True,ok,3507.0,98.96,4.18,3.15,15.0,53.70559278,-8.512283611,Level & Historic Flow,136.00 km²,,True,plain_csv,1972-10-01T00:00:00+00:00,2026-08-09T23:30:00+00:00,19670.0,1888415.0,2017-01-01T00:00:00+00:00,2026-08-09T23:30:00+00:00,336767.0,3503.0,-1:1054266; 31:788558; 101:21044; 41:13914; 254:10621,0.0,,,,,,wl_26004.csv,145412007.84
26358,Bunowen Bridge,BUNOWEN,SUCK,SHANNON RBD,Suck,26D,26D_2,Suck_SC_080,205.36,136.32,1.51,False,False,True,ok,2137.0,99.99,0.06,1.19,15.0,53.350497,-8.253343,Level & Historic Flow,136.32 km²,,True,plain_csv,2020-10-02T15:30:00+00:00,2026-08-09T23:30:00+00:00,2137.0,205185.0,2020-10-02T15:30:00+00:00,2026-08-09T23:30:00+00:00,205185.0,21.0,31:202717; 254:2447; -1:21,0.0,,,,,,wl_26358.csv,205364391.935
26357,Deerpark Bridge,Derrymullan Stream,SUCK,SHANNON RBD,Suck,26D,26D_2,Suck_SC_080,205.36,57.25,3.59,False,False,True,ok,2137.0,99.36,5.97,1.19,15.0,53.33889,-8.261261,Level & Flow,57.25 km²,,True,plain_csv,2020-10-02T16:00:00+00:00,2026-08-09T23:30:00+00:00,2137.0,205183.0,2020-10-02T16:00:00+00:00,2026-08-09T23:30:00+00:00,205183.0,1306.0,31:201431; 254:2446; -1:1306,0.0,,,,,,wl_26357.csv,205364391.935
26005,Derrycahill,SUCK,SHANNON,SHANNON RBD,Suck,26D,26D_5,Suck_SC_090,179.6,1050.0,0.17,False,False,True,ok,3507.0,98.96,8.77,1.15,15.0,53.43176389,-8.262761667,Level & Flow,1050.00 km²,,True,plain_csv,1954-10-01T00:00:00+00:00,2026-08-09T23:30:00+00:00,26245.0,2519615.0,2017-01-01T00:00:00+00:00,2026-08-09T23:30:00+00:00,336767.0,3505.0,31:2425613; -1:66982; 32:23104; 254:3887; 99:29,0.0,,,,,,wl_26005.csv,179602592.989
26356,Raherbeg Rail Bridge,SUCK,SHANNON,SHANNON RBD,Suck,26D,26D_3,Suck_SC_100,136.54,1590.63,0.09,False,False,True,ok,2591.0,98.31,9.96,0.79,15.0,53.273998,-8.086201,Level,1590.63 km²,,True,plain_csv,2019-07-05T14:30:00+00:00,2026-08-09T10:00:00+00:00,2591.0,248815.0,2019-07-05T14:30:00+00:00,2026-08-09T10:00:00+00:00,248815.0,4214.0,31:242632; -1:4214; 254:1969,0.0,,,,,,wl_26356.csv,136544165.873
26002,Rookwood,SUCK,SHANNON,SHANNON RBD,Suck,26D,26D_4,Suck_SC_040,127.31,626.0,0.2,False,False,True,ok,3507.0,98.9,11.6,3.38,15.0,53.56371722,-8.292659444,Level & Flow,626.00 km²,,True,plain_csv,1972-10-01T00:00:00+00:00,2026-08-09T23:30:00+00:00,19670.0,1888415.0,2017-01-01T00:00:00+00:00,2026-08-09T23:30:00+00:00,336767.0,3714.0,31:1638004; -1:158270; 156:49255; 32:28293; 254:11874,0.0,,,,,,wl_26002.csv,127309456.288
26006,Willsbrook,SUCK,SUCK,SHANNON RBD,Suck,26D,26D_9,Suck_SC_010,184.82,182.0,1.02,True,False,True,ok,3507.0,99.27,8.51,3.15,15.0,53.72935694,-8.466028333,Level & Flow,182.00 km²,,True,plain_csv,1972-10-01T00:00:00+00:00,2026-08-09T23:30:00+00:00,19670.0,1888415.0,2017-01-01T00:00:00+00:00,2026-08-09T23:30:00+00:00,336767.0,2449.0,-1:1047805; 31:810891; 254:29138; 101:577; 32:4,0.0,,,,,,wl_26006.csv,184823501.661
26093,Derry Bay (L. Ree),L.    REE,SHANNON,SHANNON RBD,Shannon[Upper],26E,26E_6,Shannon[Upper]_SC_090,272.29,0.0,inf,False,False,True,ok,3507.0,98.59,13.1,5.76,15.0,53.55610806,-7.849053333,Level,0.00 km²,,True,plain_csv,2001-10-04T10:00:00+00:00,2026-08-09T23:30:00+00:00,9075.0,871255.0,2017-01-01T00:00:00+00:00,2026-08-09T23:30:00+00:00,336767.0,4761.0,31:652619; 32:71260; 151:62939; -1:44321; 254:21381,0.0,,,,,,wl_26093.csv,272285836.609
26088,Hodson's Bay,L.    REE,Shannon,SHANNON RBD,Shannon[Upper],26E,26E_6,Shannon[Upper]_SC_090,272.29,4588.38,0.06,False,False,True,ok,3507.0,99.92,1.1,3.29,15.0,53.46740667,-7.987295,Level,4588.38 km²,,True,plain_csv,2002-02-24T12:30:00+00:00,2026-08-09T23:30:00+00:00,8932.0,857517.0,2017-01-01T00:00:00+00:00,2026-08-09T23:30:00+00:00,336767.0,259.0,31:649282; -1:197157; 254:11078,0.0,,,,,,wl_26088.csv,272285836.609
26409,Carnagh East,STREAM,SHANNON,SHANNON RBD,Shannon[Upper],26E,26E_6,Shannon[Upper]_SC_090,272.29,,,False,False,False,ok,436.0,99.74,1.11,36.84,15.0,53.496471,-8.01937299,Level & Flow,,,False,plain_csv,2025-05-30T00:00:00+00:00,2026-08-09T23:15:00+00:00,436.0,41950.0,2025-05-30T00:00:00+00:00,2026-08-09T23:15:00+00:00,41950.0,107.0,31:26390; 254:15453; -1:107,0.0,,,,,,wl_26409.csv,272285836.609
26408,Kiltoom Stream,STREAM,SHANNON,SHANNON RBD,Shannon[Upper],26E,26E_6,Shannon[Upper]_SC_090,272.29,,,False,False,False,ok,434.0,96.01,0.12,26.45,15.0,53.493835,-8.03516899,Level & Flow,,,False,plain_csv,2025-05-30T00:00:00+00:00,2026-08-07T11:45:00+00:00,434.0,41712.0,2025-05-30T00:00:00+00:00,2026-08-07T11:45:00+00:00,41712.0,1663.0,31:25248; 254:11033; 101:3768; -1:1663,0.0,,,,,,wl_26408.csv,272285836.609
26104,Ballinalack,INNY,SHANNON,SHANNON RBD,Inny[Shannon],26F,26F_9,Inny[Shannon]_SC_030,183.37,666.0,0.28,False,False,True,ok,3507.0,95.14,11.15,6.34,15.0,53.63141,-7.4747575,Level & Historic Flow,666.00 km²,,True,plain_csv,2007-07-12T15:00:00+00:00,2026-08-09T23:30:00+00:00,6968.0,668963.0,2017-01-01T00:00:00+00:00,2026-08-09T23:30:00+00:00,336767.0,16362.0,31:620464; -1:23176; 254:21340; 32:3983,0.0,,,,,,wl_26104.csv,183372843.779
26021,Ballymahon,INNY,SHANNON,SHANNON RBD,Inny[Shannon],26F,26F_10,Inny[Shannon]_SC_080,81.68,1071.0,0.08,False,False,True,ok,3507.0,99.91,1.67,5.77,15.0,53.56286722,-7.757922778,Level & Flow,1071.00 km²,,True,plain_csv,1972-10-01T00:00:00+00:00,2026-08-09T23:30:00+00:00,19670.0,1888415.0,2017-01-01T00:00:00+00:00,2026-08-09T23:30:00+00:00,336767.0,290.0,31:1757867; -1:90806; 254:19999; 32:14616; 151:4466,0.0,,,,,,wl_26021.csv,81682267.5927
26082,Lough Derravaragh,L.    DERRAVARAGH,Shannon,SHANNON RBD,Inny[Shannon],26F,26F_9,Inny[Shannon]_SC_030,183.37,600.0,0.31,False,False,True,ok,3507.0,98.09,29.69,6.13,15.0,53.61131583,-7.30328,Level,600.00 km²,,True,plain_csv,2004-08-11T07:30:00+00:00,2026-08-09T23:30:00+00:00,8033.0,771233.0,2017-01-01T00:00:00+00:00,2026-08-09T23:30:00+00:00,336767.0,6417.0,31:628126; -1:118804; 254:20635; 32:1909; 99:1759,0.0,,,,,,wl_26082.csv,183372843.779
26083,Mount Nugent,L.    SHEELIN,Shannon,SHANNON RBD,Inny[Shannon],26F,26F_6,Inny[Shannon]_SC_010,165.1,256.0,0.64,False,False,True,ok,3507.0,97.33,16.49,6.74,15.0,53.82095194,-7.283101944,Level,256.00 km²,,True,plain_csv,2007-10-10T12:45:00+00:00,2026-08-09T23:30:00+00:00,6878.0,660332.0,2017-01-01T00:00:00+00:00,2026-08-09T23:30:00+00:00,336767.0,9004.0,31:519115; -1:95290; 32:23136; 254:22692; 101:99,0.0,,,,,,wl_26083.csv,165103913.622
26027,Athlone,SHANNON,SHANNON,SHANNON RBD,Shannon[Upper],26G,26G_2,Shannon[Upper]_SC_100,169.48,4600.65,0.04,False,False,True,ok,3507.0,99.73,1.85,1.15,15.0,53.42153389,-7.940756389,Level & Flow,4600.65 km²,,True,plain_csv,1972-01-21T10:45:00+00:00,2026-08-09T23:30:00+00:00,19924.0,1912756.0,2017-01-01T00:00:00+00:00,2026-08-09T23:30:00+00:00,336767.0,918.0,31:1895328; -1:13462; 254:3965; 1:1,0.0,,,,,,wl_26027.csv,169475867.786
26333,Athlone Weir U/S,SHANNON,SHANNON,SHANNON RBD,Shannon[Upper],26G,26G_2,Shannon[Upper]_SC_100,169.48,4703.0,0.04,False,False,True,ok,3507.0,99.64,7.84,1.73,15.0,53.42289111,-7.9417775,Level,4703.00 km²,,True,plain_csv,2003-10-20T12:15:00+00:00,2026-08-09T23:30:00+00:00,8329.0,799630.0,2017-01-01T00:00:00+00:00,2026-08-09T23:30:00+00:00,336767.0,1214.0,31:688939; 32:82306; -1:16013; 101:6558; 254:5814,0.0,,,,,,wl_26333.csv,169475867.786
26028,Shannonbridge,SHANNON,SHANNON,SHANNON RBD,Shannon[Lower],26G,26G_3,Shannon[Lower]_SC_010,151.74,4999.0,0.03,False,False,True,ok,3507.0,99.81,3.51,1.38,15.0,53.2798725,-8.049581389,Level,4999.00 km²,,True,plain_csv,1983-01-01T05:45:00+00:00,2026-08-09T23:30:00+00:00,15926.0,1528968.0,2017-01-01T00:00:00+00:00,2026-08-09T23:30:00+00:00,336767.0,645.0,31:1494528; -1:20931; 32:8856; 254:4653,0.0,,,,,,wl_26028.csv,151741858.202
26406,Atteagh,Cross,SHANNON,SHANNON RBD,Shannon[Upper],26G,26G_2,Shannon[Upper]_SC_100,169.48,48.2,3.52,False,False,False,ok,557.0,97.29,9.69,36.12,15.0,53.457476,-8.06526799,Level & Flow,48.20 km²,,False,plain_csv,2025-01-29T12:15:00+00:00,2026-08-09T23:30:00+00:00,557.0,53518.0,2025-01-29T12:15:00+00:00,2026-08-09T23:30:00+00:00,53518.0,1453.0,31:32736; 254:19329; -1:1453,0.0,,,,,,wl_26406.csv,169475867.786
26407,Curraghboy,Cross,SHANNON,SHANNON RBD,Shannon[Upper],26G,26G_2,Shannon[Upper]_SC_100,169.48,32.8,5.17,False,False,False,ok,557.0,99.33,3.2,36.04,15.0,53.478241,-8.10817599,Level & Flow,32.80 km²,,False,plain_csv,2025-01-29T15:15:00+00:00,2026-08-09T20:45:00+00:00,557.0,53495.0,2025-01-29T15:15:00+00:00,2026-08-09T20:45:00+00:00,53495.0,360.0,31:30900; 254:19282; 32:2953; -1:360,0.0,,,,,,wl_26407.csv,169475867.786
26404,Garrycastle,Al,SHANNON,SHANNON RBD,Shannon[Lower],26G,26G_3,Shannon[Lower]_SC_010,151.74,1.01,150.24,False,False,False,ok,1714.0,99.85,1.09,6.76,15.0,53.419832,-7.885815,Level & Flow,1.01 km²,,False,plain_csv,2021-11-29T10:45:00+00:00,2026-08-09T23:30:00+00:00,1714.0,164596.0,2021-11-29T10:45:00+00:00,2026-08-09T23:30:00+00:00,164596.0,251.0,31:153217; 254:11128; -1:251,0.0,,,,,,wl_26404.csv,151741858.202
26243,Lysterfield,STREAM,SHANNON,SHANNON RBD,Shannon[Upper],26G,26G_2,Shannon[Upper]_SC_100,169.48,9.0,18.83,False,False,False,ok,3507.0,97.95,65.54,10.9,15.0,53.509258,-8.12438099,Level & Flow,9.00 km²,,False,plain_csv,1999-04-12T15:15:00+00:00,2026-08-09T23:30:00+00:00,9981.0,958210.0,2017-01-01T00:00:00+00:00,2026-08-09T23:30:00+00:00,336767.0,6887.0,31:807849; -1:111490; 254:37024; 32:1666; 41:181,0.0,,,,,,wl_26243.csv,169475867.786
26405,Rahara,STREAM,SHANNON,SHANNON RBD,Shannon[Upper],26G,26G_2,Shannon[Upper]_SC_100,169.48,2.0,84.74,False,False,False,ok,1007.0,99.9,0.41,20.05,15.0,53.525362,-8.13081199,Level & Flow,2.00 km²,,False,plain_csv,2023-11-06T16:30:00+00:00,2026-08-09T23:30:00+00:00,1007.0,96701.0,2023-11-06T16:30:00+00:00,2026-08-09T23:30:00+00:00,96701.0,95.0,31:77219; 254:19387; -1:95,0.0,,,,,,wl_26405.csv,169475867.786
27002,Ballycorey,FERGUS,FERGUS,SHANNON RBD,Fergus,27,27_3,Fergus_SC_030,78.71,562.0,0.14,False,False,True,ok,3507.0,99.58,8.84,6.19,15.0,52.8700425,-8.974653889,Level & Flow,562.00 km²,,True,plain_csv,1954-05-03T17:15:00+00:00,2026-08-09T23:30:00+00:00,26396.0,2534042.0,2017-01-01T00:00:00+00:00,2026-08-09T23:30:00+00:00,336767.0,1422.0,31:2401790; 32:49916; -1:39077; 101:22291; 254:20862,0.0,,,,,,wl_27002.csv,78712775.1372
27004,Carnelly,MANUS,FERGUS,SHANNON RBD,Fergus,27,27_1,Fergus_SC_040,62.52,15.86,3.94,False,False,True,ok,3507.0,96.61,54.04,7.18,15.0,52.80847778,-8.936796667,Level & Historic Flow,15.86 km²,,True,plain_csv,2007-12-04T10:30:00+00:00,2026-08-09T23:30:00+00:00,6823.0,655061.0,2017-01-01T00:00:00+00:00,2026-08-09T23:30:00+00:00,336767.0,11427.0,31:581689; 32:29430; 254:24190; -1:12775; 101:6233,0.0,,,,,,wl_27004.csv,62523525.514
27003,Corrofin (Fergus),FERGUS,FERGUS,SHANNON RBD,Fergus,27,27_7,Fergus_SC_010,292.29,166.42,1.76,False,False,True,ok,3507.0,98.35,12.05,7.25,15.0,52.94376222,-9.061918889,Level & Historic Flow,166.42 km²,,True,plain_csv,1972-10-01T00:00:00+00:00,2026-08-09T23:30:00+00:00,19670.0,1888415.0,2017-01-01T00:00:00+00:00,2026-08-09T23:30:00+00:00,336767.0,5541.0,31:1716812; -1:129023; 254:24418; 101:16033; 99:1108,0.0,,,,,,wl_27003.csv,292294400.235
27060,Doora Br,FERGUS,SHANNON ESTUARY,SHANNON RBD,Fergus,27,27_10,Fergus_SC_050,87.66,608.77,0.14,False,False,True,ok,3507.0,77.24,16.94,6.17,15.0,52.83877806,-8.967172222,Level,608.77 km²,,True,plain_csv,2002-06-18T00:15:00+00:00,2026-08-09T23:30:00+00:00,8818.0,846622.0,2017-01-01T00:00:00+00:00,2026-08-09T23:30:00+00:00,336767.0,76656.0,31:741557; 101:45637; 254:20770; 32:18150; 156:14554,0.0,,,,,,wl_27060.csv,87657414.5395
27066,Ennis Br,FERGUS ESTY,FERGUS,SHANNON RBD,Fergus,27,27_1,Fergus_SC_040,62.52,58.32,1.07,True,False,True,ok,3507.0,98.53,4.35,6.12,15.0,52.84667389,-8.981789444,Level & Flow,58.32 km²,,True,plain_csv,2007-08-02T10:45:00+00:00,2026-08-09T23:30:00+00:00,6947.0,666964.0,2017-01-01T00:00:00+00:00,2026-08-09T23:30:00+00:00,336767.0,4947.0,31:625683; 254:20656; 32:11422; -1:5199; 101:3810,0.0,,,,,,wl_27066.csv,62523525.514
27001,Inch Br (Claureen),CLAUREEN,SHANNON,SHANNON RBD,Fergus,27,27_10,Fergus_SC_050,87.66,48.0,1.83,False,False,True,ok,3507.0,96.82,19.55,10.9,15.0,52.82529139,-9.036241944,Level & Flow,48.00 km²,,True,plain_csv,1972-10-01T00:00:00+00:00,2026-08-09T23:30:00+00:00,19670.0,1888415.0,2017-01-01T00:00:00+00:00,2026-08-09T23:30:00+00:00,336767.0,10713.0,31:1719970; -1:103377; 254:36743; 101:15886; 32:12438,0.0,,,,,,wl_27001.csv,87657414.5395
27025,Knox's Br,FERGUS,SHANNON ESTUARY,SHANNON RBD,Fergus,27,27_10,Fergus_SC_050,87.66,58.74,1.49,False,False,True,ok,3507.0,98.56,34.25,15.38,15.0,52.84817889,-8.972516667,Level,58.74 km²,,True,plain_csv,2002-06-19T00:15:00+00:00,2026-08-09T23:30:00+00:00,8817.0,846526.0,2017-01-01T00:00:00+00:00,2026-08-09T23:30:00+00:00,336767.0,4842.0,31:533581; 99:164827; 254:63072; 101:59659; -1:22896,0.0,,,,,,wl_27025.csv,87657414.5395
27011,Owenogarney Railway Br,OWENOGARNEY,OWENOGARNEY,SHANNON RBD,Owenogarney,27,27_12,Owenogarney_SC_020,132.32,0.0,inf,False,False,True,ok,3507.0,99.39,5.73,9.7,15.0,52.73270444,-8.771001111,Level & Flow,0.00 km²,,True,plain_csv,2007-07-31T15:15:00+00:00,2026-08-09T23:30:00+00:00,6949.0,667138.0,2017-01-01T00:00:00+00:00,2026-08-09T23:30:00+00:00,336767.0,2062.0,31:599817; 254:32693; -1:18217; 32:16388; 101:20,0.0,,,,,,wl_27011.csv,132324637.003
27023,Victoria Br,FERGUS,SHANNON ESTUARY,SHANNON RBD,Fergus,27,27_1,Fergus_SC_040,62.52,55.64,1.12,True,False,True,ok,3507.0,99.61,4.05,6.17,15.0,52.8485575,-8.990841667,Level,55.64 km²,,True,plain_csv,2003-08-01T00:15:00+00:00,2026-08-09T23:30:00+00:00,8409.0,807358.0,2017-01-01T00:00:00+00:00,2026-08-09T23:30:00+00:00,336767.0,1315.0,31:620929; -1:98463; 99:65221; 254:22687; 225:58,0.0,,,,,,wl_27023.csv,62523525.514
27065,Clarecastle Barrage D/S,FERGUS ESTY,SHANNON,SHANNON RBD,Fergus,27,27_1,Fergus_SC_040,62.52,625.58,0.1,False,False,False,ok,3235.0,73.84,74.41,1.6,15.0,52.817269,-8.96285399,Level,625.58 km²,,False,plain_csv,2002-07-26T00:00:00+00:00,2025-11-10T10:30:00+00:00,8508.0,816811.0,2017-01-01T00:00:00+00:00,2025-11-10T10:30:00+00:00,310603.0,81258.0,31:635395; 254:50761; 101:43601; -1:43502; 42:16243,0.0,,,,,,wl_27065.csv,62523525.514
27064,Clarecastle Barrage U/S,FERGUS ESTY,SHANNON,SHANNON RBD,Fergus,27,27_1,Fergus_SC_040,62.52,625.58,0.1,False,False,False,ok,3507.0,65.55,143.28,7.52,15.0,52.817327,-8.96287999,Level,625.58 km²,,False,plain_csv,2003-02-21T16:30:00+00:00,2026-08-09T23:30:00+00:00,8570.0,822749.0,2017-01-01T00:00:00+00:00,2026-08-09T23:30:00+00:00,336767.0,116010.0,31:699152; 101:51581; -1:45126; 254:26890,0.0,,,,,,wl_27064.csv,62523525.514
28002,Doonbeg,DOONBEG,DOONBEG,SHANNON RBD,Doonbeg,28,28_3,Doonbeg_SC_010,167.03,136.0,1.23,True,False,True,ok,3507.0,98.62,8.11,6.71,15.0,52.72837278,-9.521525278,Level & Flow,136.00 km²,,True,plain_csv,1972-10-01T00:00:00+00:00,2026-08-09T23:30:00+00:00,19670.0,1888415.0,2017-01-01T00:00:00+00:00,2026-08-09T23:30:00+00:00,336767.0,4632.0,31:1383940; -1:481875; 254:22592; 225:8,0.0,,,,,,wl_28002.csv,167027553.335
28001,Ennistimon,INAGH,INAGH,SHANNON RBD,Inagh[Ennistymon],28,28_6,Inagh[Ennistymon]_SC_020,144.6,169.53,0.85,True,False,False,ok,3507.0,96.76,74.83,7.71,15.0,52.938687,-9.293853,Level & Flow,169.53 km²,,False,plain_csv,1972-10-01T00:00:00+00:00,2026-08-09T23:30:00+00:00,19670.0,1888415.0,2017-01-01T00:00:00+00:00,2026-08-09T23:30:00+00:00,336767.0,10908.0,31:1568816; -1:191648; 1:61451; 32:33044; 254:26096,0.0,,,,,,wl_28001.csv,144599578.745
29010,Aggard Br,AGGARD,Kilcogan,WESTERN RBD,Kilcogan,29,29_2,Kilcogan_SC_020,88.85,45.0,1.97,False,False,True,ok,3507.0,99.9,0.65,5.51,15.0,53.22081722,-8.743236389,Level & Flow,45.00 km²,,True,plain_csv,1983-03-10T12:00:00+00:00,2026-08-09T23:30:00+00:00,15858.0,1522415.0,2017-01-01T00:00:00+00:00,2026-08-09T23:30:00+00:00,336767.0,327.0,31:1282565; -1:203432; 254:18678; 101:12476; 42:5264,0.0,,,,,,wl_29010.csv,88848501.7694
29021,Ballycahalan,BALLYCALAHAN,KINVARRA COASTAL,WESTERN RBD,Boleyneendorrish,29,29_1,Boleyneendorrish_SC_010,63.48,47.68,1.33,False,False,True,ok,3507.0,98.54,19.88,2.94,15.0,53.09939306,-8.752354167,Level & Flow,47.68 km²,,True,plain_csv,1999-09-17T15:00:00+00:00,2026-08-09T23:30:00+00:00,9823.0,943043.0,2017-01-01T00:00:00+00:00,2026-08-09T23:30:00+00:00,336767.0,4904.0,31:836428; -1:73791; 32:22875; 254:9948; 225:1,0.0,,,,,,wl_29021.csv,63476800.0
29014,Caherfinesker,LAVALLY,CLARIN,WESTERN RBD,Clarinbridge,29,29_4,Clarinbridge_SC_010,119.32,83.81,1.42,False,False,True,ok,3507.0,99.49,13.04,7.72,15.0,53.26558472,-8.790411389,Level & Flow,83.81 km²,,True,plain_csv,1983-03-10T12:00:00+00:00,2026-08-09T23:30:00+00:00,15858.0,1522415.0,2017-01-01T00:00:00+00:00,2026-08-09T23:30:00+00:00,336767.0,1711.0,31:1226631; -1:265849; 254:26003; 101:3932,0.0,,,,,,wl_29014.csv,119318317.337
29004,Clarinbridge,CLARINBRIDGE,Galway Bay South East,WESTERN RBD,Clarinbridge,29,29_4,Clarinbridge_SC_010,119.32,123.0,0.97,True,False,True,ok,3507.0,99.17,7.67,8.56,15.0,53.22934167,-8.874782778,Level & Flow,123.00 km²,,True,plain_csv,1973-07-10T12:00:00+00:00,2026-08-09T23:30:00+00:00,19388.0,1861295.0,2017-01-01T00:00:00+00:00,2026-08-09T23:30:00+00:00,336767.0,2786.0,31:1567076; -1:258577; 254:29440; 101:6042; 32:160,0.0,,,,,,wl_29004.csv,119318317.337
29025,Gort 1B,STREAM,KINVARRA COASTAL,WESTERN RBD,Kilchreest,29,29_8,Kilchreest_SC_010,356.67,13.27,26.88,False,False,True,ok,3260.0,99.46,4.73,2.42,15.0,53.058571,-8.890456,Level & Flow,13.27 km²,,True,plain_csv,2017-09-05T09:45:00+00:00,2026-08-09T23:30:00+00:00,3260.0,313016.0,2017-09-05T09:45:00+00:00,2026-08-09T23:30:00+00:00,313016.0,1695.0,31:300735; 254:7566; 32:3020; -1:1695,0.0,,,,,,wl_29025.csv,356665942.222
29020,Gortmackan,STREAM,Galway Bay South East,WESTERN RBD,Kilchreest,29,29_8,Kilchreest_SC_010,356.67,34.54,10.33,False,False,True,ok,3507.0,98.14,9.07,7.35,15.0,53.18355667,-8.642417778,Level & Flow,34.54 km²,,True,plain_csv,1999-09-17T14:15:00+00:00,2026-08-09T23:30:00+00:00,9823.0,943046.0,2017-01-01T00:00:00+00:00,2026-08-09T23:30:00+00:00,336767.0,6254.0,31:745934; -1:113510; 41:31116; 254:24746; 32:16802,0.0,,,,,,wl_29020.csv,356665942.222
29011,Kilcolgan,DUNKELLIN,Kilcogan,WESTERN RBD,Kilcogan,29,29_2,Kilcogan_SC_020,88.85,373.0,0.24,False,False,True,ok,3507.0,99.91,1.43,6.37,15.0,53.21410944,-8.871328889,Level & Flow,373.00 km²,,True,plain_csv,2007-08-09T07:30:00+00:00,2026-08-09T23:30:00+00:00,6940.0,666305.0,2017-01-01T00:00:00+00:00,2026-08-09T23:30:00+00:00,336767.0,294.0,31:622602; -1:22152; 254:21551,0.0,,,,,,wl_29011.csv,88848501.7694
29023,Killafeen,OWENDAIULLOEG,KINVARRA COASTAL,WESTERN RBD,Cannahowna,29,29_7,Cannahowna_SC_010,135.9,89.61,1.52,False,False,True,ok,3507.0,99.55,7.67,4.87,15.0,53.02323944,-8.76927,Level,89.61 km²,,True,plain_csv,1999-09-17T16:00:00+00:00,2026-08-09T23:30:00+00:00,9823.0,943039.0,2017-01-01T00:00:00+00:00,2026-08-09T23:30:00+00:00,336767.0,1529.0,31:741394; -1:111985; 32:56654; 254:16418; 101:12936,0.0,,,,,,wl_29023.csv,135897012.476
29015,Oranmore Br,SPRING,BALLYNAMANAGH,WESTERN RBD,CARROWMONEASH[Oranmore],29,29_6,CARROWMONEASH[Oranmore]_SC_010,129.02,40.0,3.23,False,False,True,ok,3507.0,99.77,2.06,8.49,15.0,53.27176167,-8.929459167,Level & Flow,40.00 km²,,True,plain_csv,2004-05-29T12:30:00+00:00,2026-08-09T23:30:00+00:00,8107.0,778317.0,2017-01-01T00:00:00+00:00,2026-08-09T23:30:00+00:00,336767.0,765.0,31:551593; 99:96590; -1:43247; 42:35381; 254:28711,0.0,,,,,,wl_29015.csv,129018437.139
29024,Poulataggle,STREAM,KINVARRA COASTAL,WESTERN RBD,Kilchreest,29,29_8,Kilchreest_SC_010,356.67,13.27,26.88,False,False,True,ok,3507.0,99.06,7.69,2.76,15.0,53.05858833,-8.890516389,Level & Flow,13.27 km²,,True,plain_csv,1999-09-17T00:15:00+00:00,2026-08-09T23:30:00+00:00,9823.0,943102.0,2017-01-01T00:00:00+00:00,2026-08-09T23:30:00+00:00,336767.0,3176.0,31:720028; -1:129627; 32:82582; 254:9295; 99:1344,0.0,,,,,,wl_29024.csv,356665942.222
29002,Rahasane Turlough,DUNKELLIN,DUNKELLIN,WESTERN RBD,Kilcogan,29,29_2,Kilcogan_SC_020,88.85,332.0,0.27,False,False,True,ok,3507.0,99.85,3.14,4.4,15.0,53.21694667,-8.807869167,Level & Flow,332.00 km²,,True,plain_csv,1971-08-30T16:15:00+00:00,2026-08-09T23:30:00+00:00,20068.0,1926558.0,2017-01-01T00:00:00+00:00,2026-08-09T23:30:00+00:00,336767.0,502.0,31:1595815; -1:268315; 254:48919; 101:8749; 42:2666,0.0,,,,,,wl_29002.csv,88848501.7694
29001,Rathgorgin,RAFORD,DUNKELLIN,WESTERN RBD,Raford,29,29_5,Raford_SC_010,120.35,119.0,1.01,True,False,True,ok,3507.0,98.47,15.59,4.24,15.0,53.25784861,-8.679536389,Level & Flow,119.00 km²,,True,plain_csv,1957-10-07T12:00:00+00:00,2026-08-09T23:30:00+00:00,25143.0,2413775.0,2017-01-01T00:00:00+00:00,2026-08-09T23:30:00+00:00,336767.0,5166.0,31:1774208; -1:539599; 254:43383; 32:22979; 101:14944,0.0,,,,,,wl_29001.csv,120349749.974
29009,Russaun,BEAGH,Galway Bay South East,WESTERN RBD,Cannahowna,29,29_7,Cannahowna_SC_010,135.9,124.4,1.09,True,False,True,ok,3507.0,98.85,23.36,2.93,15.0,53.05341111,-8.772401944,Level & Flow,124.40 km²,,True,plain_csv,2001-12-31T00:15:00+00:00,2026-08-09T23:30:00+00:00,8987.0,862846.0,2017-01-01T00:00:00+00:00,2026-08-09T23:30:00+00:00,336767.0,3858.0,31:748817; -1:62296; 32:23159; 151:18720; 254:9853,0.0,,,,,,wl_29009.csv,135897012.476
29007,Craughwell,DUNKELLIN,DUNKELLIN,WESTERN RBD,Kilcogan,29,29_2,Kilcogan_SC_020,88.85,278.0,0.32,False,False,False,ok,3507.0,97.37,74.27,5.49,15.0,53.22788724,-8.73639511,Level & Flow,278.00 km²,,False,plain_csv,1983-02-15T12:00:00+00:00,2026-08-09T23:30:00+00:00,15881.0,1524623.0,2017-01-01T00:00:00+00:00,2026-08-09T23:30:00+00:00,336767.0,8851.0,31:1233208; -1:143143; 101:124435; 254:18589; 32:3997,0.0,,,,,,wl_29007.csv,88848501.7694
29022,Kilcrimple,BEAGH,KINVARRA COASTAL,WESTERN RBD,Cannahowna,29,29_7,Cannahowna_SC_010,135.9,10.92,12.45,False,False,False,ok,3507.0,96.7,70.55,2.92,15.0,53.04550743,-8.73926398,Level,10.92 km²,,False,plain_csv,2004-12-01T00:15:00+00:00,2026-08-09T23:00:00+00:00,7921.0,760508.0,2017-01-01T00:00:00+00:00,2026-08-09T23:00:00+00:00,336765.0,11122.0,31:422072; 99:163905; -1:85948; 32:48184; 42:27763,0.0,,,,,,wl_29022.csv,135897012.476
30089,Angligham,L     CORRIB,CORRIB,WESTERN RBD,Corrib,30,30_18,Corrib_SC_010,389.56,0.0,inf,False,False,True,ok,3507.0,98.95,10.71,8.93,15.0,53.31790861,-9.066215556,Level,0.00 km²,,True,plain_csv,2002-05-17T14:30:00+00:00,2026-08-09T23:30:00+00:00,8850.0,849637.0,2017-01-01T00:00:00+00:00,2026-08-09T23:30:00+00:00,336767.0,3529.0,31:761652; 254:38414; -1:21060; 101:20413; 151:4126,0.0,,,,,,wl_30089.csv,389558959.417
30083,Annaghdown Pier,L.    CORRIB,CORRIB,WESTERN RBD,Corrib,30,30_18,Corrib_SC_010,389.56,0.0,inf,False,False,True,ok,3507.0,99.61,4.85,5.85,15.0,53.38703222,-9.076388333,Level,0.00 km²,,True,plain_csv,2002-06-11T15:00:00+00:00,2026-08-09T23:30:00+00:00,8825.0,847235.0,2017-01-01T00:00:00+00:00,2026-08-09T23:30:00+00:00,336767.0,1308.0,31:795191; 254:19709; 32:12989; 101:11234; -1:6767,0.0,,,,,,wl_30083.csv,389558959.417
30007,Ballygaddy,CLARE,CORRIB,WESTERN RBD,Clare[Galway],30,30_5,Clare[Galway]_SC_030,127.73,458.0,0.28,False,False,True,ok,3507.0,99.13,9.08,7.23,15.0,53.53082667,-8.874376667,Level & Flow,458.00 km²,,True,plain_csv,1974-11-20T12:15:00+00:00,2026-08-09T23:30:00+00:00,18890.0,1813486.0,2017-01-01T00:00:00+00:00,2026-08-09T23:30:00+00:00,336767.0,2921.0,31:1730330; -1:28800; 254:24335; 101:19420; 151:7089,0.0,,,,,,wl_30007.csv,127731739.79499999
30082,Burriscara,L.    CARRA,CORRIB,WESTERN RBD,Aghinish,30,30_3,Aghinish_SC_010,107.78,109.17,0.99,True,False,True,ok,3507.0,97.25,25.65,7.24,15.0,53.73291167,-9.249068889,Level & Historic Flow,109.17 km²,,True,plain_csv,1957-10-05T14:45:00+00:00,2026-08-09T23:30:00+00:00,25145.0,2413956.0,2017-01-01T00:00:00+00:00,2026-08-09T23:30:00+00:00,336767.0,9254.0,31:1797969; -1:585879; 254:30042; 225:66,0.0,,,,,,wl_30082.csv,107782601.677
30081,Caher Pier,L.    MASK,CORRIB,WESTERN RBD,Cong[Canal],30,30_17,Cong[Canal]_SC_010,199.28,0.0,inf,False,False,True,ok,3507.0,99.27,7.15,6.91,15.0,53.61098694,-9.299348889,Level,0.00 km²,,True,plain_csv,1972-10-01T00:00:00+00:00,2026-08-09T23:30:00+00:00,19670.0,1888415.0,2017-01-01T00:00:00+00:00,2026-08-09T23:30:00+00:00,336767.0,2470.0,31:1479662; -1:167014; 32:165572; 101:33033; 254:27880,0.0,,,,,,wl_30081.csv,199279023.74
30017,Carrownagower,CONG CANAL,CORRIB,WESTERN RBD,Cong[Canal],30,30_17,Cong[Canal]_SC_010,199.28,0.0,inf,False,False,True,ok,3507.0,99.77,0.98,5.77,15.0,53.57355667,-9.289988889,Level & Flow,0.00 km²,,True,plain_csv,2007-06-27T12:00:00+00:00,2026-08-09T23:30:00+00:00,6983.0,670415.0,2017-01-01T00:00:00+00:00,2026-08-09T23:30:00+00:00,336767.0,782.0,31:601487; 151:44895; 254:19428; 101:3468; -1:1137,0.0,,,,,,wl_30017.csv,199279023.74
30001,Cartronbower,AILLE [MAYO],CORRIB,WESTERN RBD,Aille[Mayo],30,30_7,Aille[Mayo]_SC_010,161.99,121.02,1.34,False,False,True,ok,3507.0,99.65,6.77,7.22,15.0,53.74296694,-9.312859444,Level & Historic Flow,121.02 km²,,True,plain_csv,1972-10-01T00:00:00+00:00,2026-08-09T23:30:00+00:00,19670.0,1888415.0,2017-01-01T00:00:00+00:00,2026-08-09T23:30:00+00:00,336767.0,1186.0,31:1432215; -1:261175; 99:87939; 32:56986; 254:33396,0.0,,,,,,wl_30001.csv,161986197.654
30084,Cong Pier,L.    CORRIB,CORRIB,WESTERN RBD,Corrib,30,30_18,Corrib_SC_010,389.56,893.0,0.44,False,False,True,ok,3507.0,99.42,5.5,6.91,15.0,53.53059222,-9.275411667,Level,893.00 km²,,True,plain_csv,2001-03-05T14:15:00+00:00,2026-08-09T23:30:00+00:00,9288.0,891686.0,2017-01-01T00:00:00+00:00,2026-08-09T23:30:00+00:00,336767.0,1967.0,31:821460; 254:23406; -1:17277; 101:14578; 41:9956,0.0,,,,,,wl_30084.csv,389558959.417
30031,Cong Weir,CONG,CORRIB,WESTERN RBD,Cong[Canal],30,30_17,Cong[Canal]_SC_010,199.28,891.0,0.22,False,False,True,ok,3507.0,98.18,26.83,7.18,15.0,53.53859889,-9.28876,Level & Flow,891.00 km²,,True,plain_csv,2000-11-01T13:00:00+00:00,2026-08-09T23:30:00+00:00,9412.0,903595.0,2017-01-01T00:00:00+00:00,2026-08-09T23:30:00+00:00,336767.0,6134.0,31:827132; 254:53107; -1:12668; 101:10688,0.0,,,,,,wl_30031.csv,199279023.74
30004,Corrofin (Clare),CLARE,CORRIB,WESTERN RBD,Clare[Galway],30,30_13,Clare[Galway]_SC_060,209.31,695.0,0.3,False,False,True,ok,3507.0,99.65,2.8,7.51,15.0,53.43755722,-8.863839167,Level & Flow,695.00 km²,,True,plain_csv,1939-10-08T12:00:00+00:00,2026-08-09T23:30:00+00:00,31717.0,3044879.0,2017-01-01T00:00:00+00:00,2026-08-09T23:30:00+00:00,336767.0,1164.0,31:2005011; 42:472053; -1:372146; 32:118073; 41:30723,0.0,,,,,,wl_30004.csv,209309158.634
30034,Cregaree,CONG CANAL,CORRIB,WESTERN RBD,Cong[Canal],30,30_17,Cong[Canal]_SC_010,199.28,887.66,0.22,False,False,True,ok,3507.0,99.86,4.52,13.54,15.0,53.54568139,-9.289412778,Level & Historic Flow,887.66 km²,,True,plain_csv,2007-06-27T15:45:00+00:00,2026-08-09T23:30:00+00:00,6983.0,670400.0,2017-01-01T00:00:00+00:00,2026-08-09T23:30:00+00:00,336767.0,476.0,31:382455; 151:109506; 254:45632; 41:40214; 32:36541,0.0,,,,,,wl_30034.csv,199279023.74
30098,Dangan,CORRIB,CORRIB,WESTERN RBD,Corrib,30,30_18,Corrib_SC_010,389.56,3091.0,0.13,False,False,True,ok,3507.0,99.43,10.33,4.69,15.0,53.29616944,-9.0765925,Level & Flow,3091.00 km²,,True,plain_csv,2003-10-07T10:00:00+00:00,2026-08-09T23:30:00+00:00,8342.0,800887.0,2017-01-01T00:00:00+00:00,2026-08-09T23:30:00+00:00,336767.0,1928.0,31:670511; -1:102889; 254:15788; 101:8629; 151:3070,0.0,,,,,,wl_30098.csv,389558959.417
30005,Foxhill,ROBE,CORRIB,WESTERN RBD,Robe,30,30_6,Robe_SC_020,131.28,250.0,0.53,False,False,True,ok,3507.0,98.89,14.52,6.9,15.0,53.6581725,-9.154239722,Level & Flow,250.00 km²,,True,plain_csv,1955-10-14T00:00:00+00:00,2026-08-09T23:30:00+00:00,25867.0,2483327.0,2017-01-01T00:00:00+00:00,2026-08-09T23:30:00+00:00,336767.0,3754.0,31:2221640; -1:110098; 32:87555; 101:34564; 254:23264,0.0,,,,,,wl_30005.csv,131275521.1
30099,Galway Barrage,CORRIB,CORRIB,WESTERN RBD,Corrib,30,30_18,Corrib_SC_010,389.56,3110.0,0.13,False,False,True,ok,3507.0,99.24,13.47,8.93,15.0,53.27799361,-9.056271944,Level,3110.00 km²,,True,plain_csv,2004-12-30T11:15:00+00:00,2026-08-09T23:30:00+00:00,7892.0,757682.0,2017-01-01T00:00:00+00:00,2026-08-09T23:30:00+00:00,336767.0,2549.0,31:650736; -1:76537; 254:30409,0.0,,,,,,wl_30099.csv,389558959.417
30101,Oughterard,OWENRIFF,CORRIB,WESTERN RBD,BallycuirkeLoughStream,30,30_14,BallycuirkeLoughStream_SC_010,177.32,66.0,2.69,False,False,True,ok,3507.0,99.44,4.82,4.51,15.0,53.43139917,-9.321143611,Level & Flow,66.00 km²,,True,plain_csv,2001-02-09T15:00:00+00:00,2026-08-09T23:30:00+00:00,9312.0,893987.0,2017-01-01T00:00:00+00:00,2026-08-09T23:30:00+00:00,336767.0,1890.0,31:731886; 101:107737; -1:24693; 254:15301; 32:14370,0.0,,,,,,wl_30101.csv,177322656.501
30002,Ower Br,BLACK [Shrule],CORRIB,WESTERN RBD,Black[Shrule],30,30_11,Black[Shrule]_SC_010,200.82,178.0,1.13,True,False,True,ok,3507.0,99.68,5.51,9.91,15.0,53.48148528,-9.160028611,Level & Flow,178.00 km²,,True,plain_csv,1974-08-16T11:15:00+00:00,2026-08-09T23:30:00+00:00,18986.0,1822706.0,2017-01-01T00:00:00+00:00,2026-08-09T23:30:00+00:00,336767.0,1082.0,31:1581548; -1:120003; 101:64852; 254:33369; 41:13364,0.0,,,,,,wl_30002.csv,200820027.791
30096,Quincentennial Bridge,CORRIB,CORRIB,WESTERN RBD,Corrib,30,30_18,Corrib_SC_010,389.56,3135.0,0.12,False,False,True,ok,1837.0,98.43,8.24,14.04,15.0,53.282653,-9.05982,Level,3135.00 km²,,True,plain_csv,2021-07-29T00:00:00+00:00,2026-08-09T23:30:00+00:00,1837.0,176447.0,2021-07-29T00:00:00+00:00,2026-08-09T23:30:00+00:00,176447.0,2775.0,31:148893; 254:24779; -1:2775,0.0,,,,,,wl_30096.csv,389558959.417
30117,Terryland,Terryland/Sandy River,CORRIB,WESTERN RBD,Corrib,30,30_18,Corrib_SC_010,389.56,5.99,65.04,False,False,True,ok,1855.0,99.29,6.16,10.66,15.0,53.285939,-9.041714,Level,5.99 km²,,True,plain_csv,2021-07-11T00:00:00+00:00,2026-08-09T23:30:00+00:00,1855.0,178175.0,2021-07-11T00:00:00+00:00,2026-08-09T23:30:00+00:00,178175.0,1266.0,31:143273; 254:18989; 41:14647; -1:1266,0.0,,,,,,wl_30117.csv,389558959.417
30061,Wolfe Tone Br,CORRIB ESTY.,CORRIB,WESTERN RBD,Corrib,30,30_18,Corrib_SC_010,389.56,3111.0,0.13,False,False,True,ok,3507.0,98.02,7.29,5.55,5.0,53.26998,-9.05567,Level & Flow,3111.00 km²,,True,plain_csv,2004-02-13T00:00:00+00:00,2026-08-09T23:30:00+00:00,8213.0,2365627.0,2017-01-01T00:00:00+00:00,2026-08-09T23:30:00+00:00,1010299.0,20050.0,31:2231175; 254:56306; -1:34351; 101:23619; 41:13231,0.0,,,,,,wl_30061.csv,389558959.417
30097,Galway Barrage D/S,CORRIB,CORRIB,WESTERN RBD,Corrib,30,30_18,Corrib_SC_010,389.56,3135.4,0.12,False,False,False,ok,1790.0,99.99,0.03,19.13,15.0,53.276276,-9.05644,Level,3135.40 km²,,False,plain_csv,2021-09-14T14:00:00+00:00,2026-08-09T23:30:00+00:00,1790.0,171879.0,2021-09-14T14:00:00+00:00,2026-08-09T23:30:00+00:00,171879.0,19.0,31:131583; 254:32872; 101:7405; -1:19,0.0,,,,,,wl_30097.csv,389558959.417
31075,Shannagurraun,OWENBOLISKEY,OWENBOLISKA CASHLA SCREEB COASTAL,WESTERN RBD,Owenboliska,31,31_6,Owenboliska_SC_010,106.16,85.17,1.25,True,False,True,ok,3507.0,98.87,8.2,5.29,15.0,53.27434528,-9.308306111,Level & Flow,85.17 km²,,True,plain_csv,1973-10-30T14:45:00+00:00,2026-08-09T23:30:00+00:00,19276.0,1850532.0,2017-01-01T00:00:00+00:00,2026-08-09T23:30:00+00:00,336767.0,3821.0,31:1472270; -1:142940; 101:141999; 41:40783; 254:27216,0.0,,,,,,wl_31075.csv,106164397.752
32060,Aasleagh Br,ERRIFF,ERRIFF,WESTERN RBD,Erriff,32,32_10,Erriff_SC_010,170.01,166.32,1.02,True,False,True,ok,3507.0,99.78,4.45,7.39,15.0,53.61774917,-9.671156667,Level & Flow,166.32 km²,,True,plain_csv,2003-02-24T09:15:00+00:00,2026-08-09T23:30:00+00:00,8567.0,822490.0,2017-01-01T00:00:00+00:00,2026-08-09T23:30:00+00:00,336767.0,750.0,31:678164; -1:71733; 32:37433; 254:24892; 42:7784,0.0,,,,,,wl_32060.csv,170008366.839
32013,Derrinkee,DERRYCRAFF,ERRIFF,WESTERN RBD,Erriff,32,32_10,Erriff_SC_010,170.01,48.32,3.52,False,False,True,ok,3507.0,99.33,9.9,7.45,15.0,53.67494806,-9.546361667,Level & Historic Flow,48.32 km²,,True,plain_csv,2003-02-24T12:30:00+00:00,2026-08-09T23:30:00+00:00,8567.0,822477.0,2017-01-01T00:00:00+00:00,2026-08-09T23:30:00+00:00,336767.0,2261.0,31:688439; 99:43671; -1:37970; 254:25097; 101:22446,0.0,,,,,,wl_32013.csv,170008366.839
32014,Owenmore Br,OWENMORE,ERRIFF,WESTERN RBD,Erriff,32,32_10,Erriff_SC_010,170.01,31.66,5.37,False,False,True,ok,3507.0,99.27,14.53,7.14,15.0,53.69703861,-9.608128889,Level & Flow,31.66 km²,,True,plain_csv,1984-09-05T18:15:00+00:00,2026-08-09T23:30:00+00:00,15313.0,1470070.0,2017-01-01T00:00:00+00:00,2026-08-09T23:30:00+00:00,336767.0,2443.0,31:663655; -1:409135; 254:351211; 32:22565; 101:22078,0.0,,,,,,wl_32014.csv,170008366.839
34061,Ballina,MOY ESTY,MOY,WESTERN RBD,Moy,34,34_6,Moy_SC_100,75.04,1923.0,0.04,False,False,True,ok,3507.0,99.67,10.22,6.73,5.0,54.11718417,-9.146781389,Level,1923.00 km²,,True,plain_csv,2007-11-13T09:30:00+00:00,2026-08-09T23:30:00+00:00,6844.0,1971241.0,2017-01-01T00:00:00+00:00,2026-08-09T23:30:00+00:00,1010299.0,3328.0,31:1789535; 254:68005; 32:67205; -1:28707; 41:17647,0.0,,,,,,wl_34061.csv,75040352.6555
34007,Ballycarroon,DEEL [Crossmolina],MOY,WESTERN RBD,Deel[Crossmolina],34,34_14,Deel[Crossmolina]_SC_010,152.76,156.0,0.98,True,False,True,ok,3507.0,99.97,0.21,6.76,15.0,54.08614,-9.344144444,Level & Flow,156.00 km²,,True,plain_csv,1972-10-01T00:00:00+00:00,2026-08-09T23:30:00+00:00,19670.0,1888415.0,2017-01-01T00:00:00+00:00,2026-08-09T23:30:00+00:00,336767.0,98.0,31:1667914; -1:113108; 32:71829; 254:22768; 101:10635,0.0,,,,,,wl_34007.csv,152761487.382
34004,Ballylahan,MOY,MOY,WESTERN RBD,Moy,34,34_2,Moy_SC_070,49.3,935.5,0.05,False,False,True,ok,3507.0,99.99,0.06,6.74,15.0,53.93794028,-9.102895,Level & Flow,935.50 km²,,True,plain_csv,1972-10-01T00:00:00+00:00,2026-08-09T23:30:00+00:00,19670.0,1888415.0,2017-01-01T00:00:00+00:00,2026-08-09T23:30:00+00:00,336767.0,22.0,31:1750118; 32:66099; -1:49415; 254:22685; 101:98,0.0,,,,,,wl_34004.csv,49304349.893400006
34013,Banada (Moy),MOY,MOY,WESTERN RBD,Moy,34,34_18,Moy_SC_030,184.78,175.9,1.05,True,False,True,ok,3507.0,99.05,14.11,6.74,15.0,54.03651944,-8.816832222,Level & Flow,175.90 km²,,True,plain_csv,2007-08-30T12:15:00+00:00,2026-08-09T23:30:00+00:00,6919.0,664270.0,2017-01-01T00:00:00+00:00,2026-08-09T23:30:00+00:00,336767.0,3215.0,31:548470; 32:54934; 254:22711; 151:14192; -1:9457,0.0,,,,,,wl_34013.csv,184780509.556
34123,Chapel View,DEEL [Crossmolina],MOY,WESTERN RBD,Deel[Crossmolina],34,34_14,Deel[Crossmolina]_SC_010,152.76,154.09,0.99,True,False,True,ok,2363.0,98.35,26.18,7.08,15.0,54.09638,-9.3208,Level,154.09 km²,,True,plain_csv,2020-02-19T11:15:00+00:00,2026-08-09T23:30:00+00:00,2363.0,226898.0,2020-02-19T11:15:00+00:00,2026-08-09T23:30:00+00:00,226898.0,3739.0,31:166856; 254:16066; 42:14866; 151:8643; 32:5950,0.0,,,,,,wl_34123.csv,152761487.382
34010,Cloonacannana,MOY,MOY,WESTERN RBD,Moy,34,34_7,Moy_SC_020,79.69,484.49,0.16,False,False,True,ok,3507.0,99.98,0.17,6.73,15.0,53.967397,-8.930447,Level & Flow,484.49 km²,,True,plain_csv,1953-02-21T09:00:00+00:00,2026-08-09T23:30:00+00:00,26832.0,2575931.0,2017-01-01T00:00:00+00:00,2026-08-09T23:30:00+00:00,336767.0,79.0,31:2072634; -1:314793; 32:100587; 101:54176; 254:22681,0.0,,,,,,wl_34010.csv,79689676.4835
34083,Corryosla,L.    CONN,MOY,WESTERN RBD,Moy,34,34_12,Moy_SC_080,125.78,0.0,inf,False,False,True,ok,3507.0,99.7,5.96,5.47,15.0,53.98538917,-9.227888611,Level,0.00 km²,,True,plain_csv,2010-02-03T17:30:00+00:00,2026-08-09T23:30:00+00:00,6031.0,579001.0,2017-01-01T00:00:00+00:00,2026-08-09T23:30:00+00:00,336767.0,995.0,31:484035; 32:72457; 254:18406; -1:3892; 99:211,0.0,,,,,,wl_34083.csv,125779936.47400002
34119,Crossmolina,DEEL [Crossmolina],MOY,WESTERN RBD,Deel[Crossmolina],34,34_14,Deel[Crossmolina]_SC_010,152.76,154.16,0.99,True,False,True,ok,3468.0,99.28,11.92,7.12,15.0,54.10011828,-9.31909478,Level,154.16 km²,,True,plain_csv,2017-02-09T16:00:00+00:00,2026-08-09T23:30:00+00:00,3468.0,332959.0,2017-02-09T16:00:00+00:00,2026-08-09T23:30:00+00:00,332959.0,2409.0,31:189592; 32:50862; 151:37940; 156:26764; 254:23702,0.0,,,,,,wl_34119.csv,152761487.382
34124,Crossmolina U/S,DEEL [Crossmolina],MOY,WESTERN RBD,Deel[Crossmolina],34,34_14,Deel[Crossmolina]_SC_010,152.76,154.24,0.99,True,False,True,ok,2389.0,99.99,0.07,5.12,15.0,54.10004,-9.3193,Level,154.24 km²,,True,plain_csv,2020-01-24T13:00:00+00:00,2026-08-09T23:30:00+00:00,2389.0,229387.0,2020-01-24T13:00:00+00:00,2026-08-09T23:30:00+00:00,229387.0,16.0,31:161678; 151:26409; 32:18806; 254:11747; 156:10731,0.0,,,,,,wl_34124.csv,152761487.382
34121,Crossmolina Weir D/S,DEEL [Crossmolina],MOY,WESTERN RBD,Deel[Crossmolina],34,34_14,Deel[Crossmolina]_SC_010,152.76,153.95,0.99,True,False,True,ok,3007.0,99.46,4.96,3.93,15.0,54.0932731,-9.3231349,Level,153.95 km²,,True,plain_csv,2018-05-16T15:15:00+00:00,2026-08-09T23:30:00+00:00,3007.0,288706.0,2018-05-16T15:15:00+00:00,2026-08-09T23:30:00+00:00,288706.0,1568.0,31:204463; 32:23679; 42:22188; 151:13500; 156:11462,0.0,,,,,,wl_34121.csv,152761487.382
34120,Crossmolina Weir U/S,DEEL [Crossmolina],MOY,WESTERN RBD,Deel[Crossmolina],34,34_14,Deel[Crossmolina]_SC_010,152.76,154.0,0.99,True,False,True,ok,3006.0,99.46,8.74,3.94,15.0,54.093213,-9.3249622,Level & Historic Flow,154.00 km²,,True,plain_csv,2018-05-17T15:15:00+00:00,2026-08-09T23:30:00+00:00,3006.0,288610.0,2018-05-17T15:15:00+00:00,2026-08-09T23:30:00+00:00,288610.0,1552.0,31:226177; 151:20359; 156:16128; 32:12439; 254:11359,0.0,,,,,,wl_34120.csv,152761487.382
34009,Curraughbonaun,OWENGARVE,MOY,WESTERN RBD,Moy,34,34_18,Moy_SC_030,184.78,117.11,1.58,False,False,True,ok,3507.0,99.97,0.89,7.54,15.0,54.01308139,-8.834876667,Level & Flow,117.11 km²,,True,plain_csv,1972-01-01T00:00:00+00:00,2026-08-09T23:30:00+00:00,19944.0,1914719.0,2017-01-01T00:00:00+00:00,2026-08-09T23:30:00+00:00,336767.0,104.0,31:1741664; -1:95916; 32:40096; 254:25386; 101:10702,0.0,,,,,,wl_34009.csv,184780509.556
34011,Gneeve Br,MANULLA,MOY,WESTERN RBD,Castlebar,34,34_21,Castlebar_SC_020,175.63,144.0,1.22,True,False,True,ok,3507.0,99.88,4.1,7.57,15.0,53.86394667,-9.181784167,Level & Flow,144.00 km²,,True,plain_csv,1975-06-10T12:15:00+00:00,2026-08-09T23:30:00+00:00,18688.0,1794094.0,2017-01-01T00:00:00+00:00,2026-08-09T23:30:00+00:00,336767.0,417.0,31:1494801; -1:233868; 32:39937; 254:25483; 99:3,0.0,,,,,,wl_34011.csv,175634814.899
34082,Gortnaraby,L.    CONN,MOY,WESTERN RBD,Moy,34,34_12,Moy_SC_080,125.78,0.0,inf,False,False,True,ok,3507.0,99.81,2.09,3.52,15.0,54.09336333,-9.298325556,Level,0.00 km²,,True,plain_csv,1989-10-23T14:15:00+00:00,2026-08-09T23:30:00+00:00,13439.0,1290182.0,2017-01-01T00:00:00+00:00,2026-08-09T23:30:00+00:00,336767.0,628.0,-1:641937; 31:628056; 254:12834; 32:7355,0.0,,,,,,wl_34082.csv,125779936.47400002
34114,Keenagh Deel Br,DEEL [Crossmolina],MOY,WESTERN RBD,Deel[Crossmolina],34,34_14,Deel[Crossmolina]_SC_010,152.76,65.0,2.35,False,False,True,ok,3507.0,99.04,12.05,5.13,15.0,54.08130375,-9.514569457,Level,65.00 km²,,True,plain_csv,2016-04-21T12:15:00+00:00,2026-08-09T23:30:00+00:00,3762.0,361198.0,2017-01-01T00:00:00+00:00,2026-08-09T23:30:00+00:00,336767.0,3240.0,31:330197; 254:17276; 32:6239; 156:3855; -1:3240,0.0,,,,,,wl_34114.csv,152761487.382
34122,Knockglass House,DEEL [Crossmolina],MOY,WESTERN RBD,Deel[Crossmolina],34,34_8,Deel[Crossmolina]_SC_020,79.86,186.21,0.43,False,False,True,ok,2333.0,98.82,6.38,6.93,15.0,54.12468,-9.29981,Level,186.21 km²,,True,plain_csv,2020-03-20T15:30:00+00:00,2026-08-09T23:30:00+00:00,2333.0,224001.0,2020-03-20T15:30:00+00:00,2026-08-09T23:30:00+00:00,224001.0,2651.0,31:205819; 254:15531; -1:2651,0.0,,,,,,wl_34122.csv,79862997.8316
34014,Mill Br (Clydagh),CLYDAGH,MOY,WESTERN RBD,Castlebar,34,34_20,Castlebar_SC_030,114.77,52.85,2.17,False,False,True,ok,3507.0,99.67,10.36,6.27,15.0,53.90906889,-9.184441944,Level & Flow,52.85 km²,,True,plain_csv,1952-10-01T00:00:00+00:00,2026-08-09T23:30:00+00:00,26975.0,2589695.0,2017-01-01T00:00:00+00:00,2026-08-09T23:30:00+00:00,336767.0,1112.0,31:2236219; -1:174022; 32:115643; 101:25152; 254:22289,0.0,,,,,,wl_34014.csv,114765602.544
34117,Mullenmore Springs,DEEL [Crossmolina],MOY,WESTERN RBD,Moy,34,34_12,Moy_SC_080,125.78,,,False,False,True,ok,3507.0,98.9,7.89,4.89,15.0,54.09038181,-9.30899208,Level & Historic Flow,,,True,plain_csv,2016-07-26T11:45:00+00:00,2026-08-09T23:30:00+00:00,3666.0,351984.0,2017-01-01T00:00:00+00:00,2026-08-09T23:30:00+00:00,336767.0,3705.0,31:298582; 32:32713; 254:16477; -1:4211; 151:1,0.0,,,,,,wl_34117.csv,125779936.47400002
34071,Pollagh,MOY,MOY,WESTERN RBD,Moy,34,34_12,Moy_SC_080,125.78,1797.0,0.07,False,False,True,ok,3507.0,98.95,25.44,6.57,15.0,53.9652838,-9.12962645,Level,1797.00 km²,,True,plain_csv,2007-08-15T16:00:00+00:00,2026-08-09T23:30:00+00:00,6934.0,665695.0,2017-01-01T00:00:00+00:00,2026-08-09T23:30:00+00:00,336767.0,3530.0,31:596107; 101:23501; 254:22146; -1:15572; 32:8366,0.0,,,,,,wl_34071.csv,125779936.47400002
34081,Pontoon,L.    CULLIN,MOY,WESTERN RBD,Moy,34,34_12,Moy_SC_080,125.78,819.4,0.15,False,False,True,ok,3507.0,99.61,7.96,5.48,15.0,53.97766528,-9.208075833,Level,819.40 km²,,True,plain_csv,2002-09-18T15:00:00+00:00,2026-08-09T23:30:00+00:00,8726.0,837731.0,2017-01-01T00:00:00+00:00,2026-08-09T23:30:00+00:00,336767.0,1308.0,31:558281; 254:128320; -1:100873; 32:25673; 101:24477,0.0,,,,,,wl_34081.csv,125779936.47400002
34001,Rahans (Moy),MOY,MOY,WESTERN RBD,Moy,34,34_6,Moy_SC_100,75.04,1911.0,0.04,False,False,True,ok,3507.0,99.96,0.15,6.86,15.0,54.10392667,-9.157682778,Level & Flow,1911.00 km²,,True,plain_csv,1969-02-07T12:00:00+00:00,2026-08-09T23:30:00+00:00,21002.0,2016239.0,2017-01-01T00:00:00+00:00,2026-08-09T23:30:00+00:00,336767.0,132.0,31:1952494; -1:24505; 254:23861; 32:14985; 99:394,0.0,,,,,,wl_34001.csv,75040352.6555
34118,Richmond Br.,DEEL,MOY,WESTERN RBD,Deel[Crossmolina],34,34_14,Deel[Crossmolina]_SC_010,152.76,146.81,1.04,True,False,True,ok,3457.0,97.27,44.4,5.19,15.0,54.07782056,-9.37275274,Level & Historic Flow,146.81 km²,,True,plain_csv,2017-02-20T13:45:00+00:00,2026-08-09T23:30:00+00:00,3457.0,331912.0,2017-02-20T13:45:00+00:00,2026-08-09T23:30:00+00:00,331912.0,9075.0,31:229848; 32:70326; 254:17234; -1:9075; 156:4603,0.0,,,,,,wl_34118.csv,152761487.382
34005,Scarrownageeragh,GWEESTION,MOY,WESTERN RBD,Moy,34,34_17,Moy_SC_050,154.77,309.11,0.5,False,False,True,ok,3507.0,99.46,18.57,6.74,15.0,53.92268444,-9.060983333,Level & Historic Flow,309.11 km²,,True,plain_csv,1972-10-01T00:15:00+00:00,2026-08-09T23:30:00+00:00,19670.0,1888414.0,2017-01-01T00:00:00+00:00,2026-08-09T23:30:00+00:00,336767.0,1802.0,-1:1049446; 31:728456; 32:71105; 254:22697; 101:15936,0.0,,,,,,wl_34005.csv,154767534.724
34018,Turlough,CASTLEBAR,MOY,WESTERN RBD,Castlebar,34,34_22,Castlebar_SC_010,96.14,95.73,1.0,True,False,True,ok,3507.0,99.7,5.78,6.56,15.0,53.88554528,-9.208034444,Level & Flow,95.73 km²,,True,plain_csv,1976-08-12T15:45:00+00:00,2026-08-09T23:30:00+00:00,18259.0,1752896.0,2017-01-01T00:00:00+00:00,2026-08-09T23:30:00+00:00,336767.0,1018.0,31:1493752; -1:128318; 32:100625; 254:22100; 41:4140,0.0,,,,,,wl_34018.csv,96140400.3043
34125,Knockanelo,Scruffaunbrogue,MOY,WESTERN RBD,Moy,34,34_6,Moy_SC_100,75.04,6.58,11.4,False,False,False,ok,1038.0,99.08,5.27,11.3,15.0,54.122681,-9.16127299,Level & Flow,6.58 km²,,False,plain_csv,2023-10-06T15:00:00+00:00,2026-08-09T23:30:00+00:00,1038.0,99683.0,2023-10-06T15:00:00+00:00,2026-08-09T23:30:00+00:00,99683.0,913.0,31:84826; 254:11261; 32:2683; -1:913,0.0,,,,,,wl_34125.csv,75040352.6555
35003,Ballygrania,UNSHIN,BALLYSADARE,WESTERN RBD,Owenmore[Sligo],35,35_2,Owenmore[Sligo]_SC_030,81.24,202.0,0.4,False,False,True,ok,3507.0,99.45,12.26,3.14,15.0,54.18171889,-8.468384722,Level & Historic Flow,202.00 km²,,True,plain_csv,2007-08-22T11:00:00+00:00,2026-08-09T23:30:00+00:00,6927.0,665043.0,2017-01-01T00:00:00+00:00,2026-08-09T23:30:00+00:00,336767.0,1845.0,31:591403; -1:32623; 32:29827; 254:10605; 101:585,0.0,,,,,,wl_35003.csv,81237629.7907
35001,Ballynacarrow,OWENMORE [Sligo],BALLYSADARE,WESTERN RBD,Owenmore[Sligo],35,35_4,Owenmore[Sligo]_SC_040,117.51,299.0,0.39,False,False,True,ok,3507.0,99.69,3.97,0.97,15.0,54.14396972,-8.549059722,Level & Flow,299.00 km²,,True,plain_csv,1955-11-08T00:00:00+00:00,2026-08-09T23:30:00+00:00,25842.0,2480927.0,2017-01-01T00:00:00+00:00,2026-08-09T23:30:00+00:00,336767.0,1060.0,31:2245810; 254:129354; -1:63678; 32:31435; 99:8686,0.0,,,,,,wl_35001.csv,117506308.488
35087,Ballynary,L.    ARROW,BALLYSADARE,WESTERN RBD,Unshin,35,35_9,Unshin_SC_010,167.01,66.5,2.51,False,False,True,ok,3505.0,99.86,0.42,1.06,15.0,54.06094,-8.30964999,Level & Historic Flow,66.50 km²,,True,plain_csv,2008-10-17T15:30:00+00:00,2026-08-07T20:45:00+00:00,6503.0,624310.0,2017-01-01T00:00:00+00:00,2026-08-07T20:45:00+00:00,336564.0,484.0,31:541317; 101:50707; 32:14008; -1:8951; 41:5771,0.0,,,,,,wl_35087.csv,167011489.533
35005,Ballysadare,BALLYSADARE,BALLYSADARE,WESTERN RBD,Owenmore[Sligo],35,35_4,Owenmore[Sligo]_SC_040,117.51,642.3,0.18,False,False,True,ok,3507.0,98.43,52.91,3.15,15.0,54.20919639,-8.509293889,Level & Flow,642.30 km²,,True,plain_csv,1946-01-01T00:00:00+00:00,2026-08-09T23:30:00+00:00,29440.0,2826335.0,2017-01-01T00:00:00+00:00,2026-08-09T23:30:00+00:00,336767.0,5284.0,31:2405201; -1:368779; 32:41750; 254:10599; 99:5,0.0,,,,,,wl_35005.csv,117506308.488
35004,Big Br,OWENMORE [Sligo],BALLYSADARE,WESTERN RBD,Owenmore[Sligo],35,35_7,Owenmore[Sligo]_SC_010,146.86,116.96,1.26,True,False,True,ok,3507.0,98.7,4.09,3.25,15.0,54.05928278,-8.511155556,Level & Historic Flow,116.96 km²,,True,plain_csv,2007-08-30T16:30:00+00:00,2026-08-09T23:30:00+00:00,6919.0,664253.0,2017-01-01T00:00:00+00:00,2026-08-09T23:30:00+00:00,336767.0,4373.0,31:519755; 32:104164; -1:28530; 254:10974; 101:825,0.0,,,,,,wl_35004.csv,146861188.911
35002,Billa Br,OWENBEG,BALLYSADARE,WESTERN RBD,Owenmore[Sligo],35,35_4,Owenmore[Sligo]_SC_040,117.51,81.15,1.45,False,False,True,ok,3507.0,96.89,23.18,0.97,15.0,54.17926583,-8.553355556,Level & Flow,81.15 km²,,True,plain_csv,1972-01-19T11:00:00+00:00,2026-08-09T23:30:00+00:00,19926.0,1912947.0,2017-01-01T00:00:00+00:00,2026-08-09T23:30:00+00:00,336767.0,10470.0,31:1795676; 32:64111; -1:47982; 254:3361; 41:1810,0.0,,,,,,wl_35002.csv,117506308.488
35011,Dromahair,BONET,GARVOGUE,WESTERN RBD,Bonet,35,35_6,Bonet_SC_020,127.85,294.0,0.43,False,False,True,ok,3507.0,99.71,2.06,3.51,15.0,54.22705861,-8.299486667,Level & Flow,294.00 km²,,True,plain_csv,1957-10-09T16:00:00+00:00,2026-08-09T23:30:00+00:00,25141.0,2413567.0,2017-01-01T00:00:00+00:00,2026-08-09T23:30:00+00:00,336767.0,974.0,31:2097092; 32:163857; -1:95470; 101:45309; 254:11837,0.0,,,,,,wl_35011.csv,127853595.035
35028,New Br (Manorhamilton),BONET,GARVOGUE,WESTERN RBD,Bonet,35,35_8,Bonet_SC_010,165.67,47.07,3.52,False,False,True,ok,3507.0,99.99,0.12,3.35,15.0,54.31981167,-8.201256111,Level & Flow,47.07 km²,,True,plain_csv,2002-10-04T11:45:00+00:00,2026-08-09T23:30:00+00:00,8710.0,836208.0,2017-01-01T00:00:00+00:00,2026-08-09T23:30:00+00:00,336767.0,48.0,31:763696; 32:52388; 254:11749; -1:4611; 101:3751,0.0,,,,,,wl_35028.csv,165670398.207
35078,Templehouse Demesne,L.    TEMPLEHOUSE,BALLYSADARE,WESTERN RBD,Owenmore[Sligo],35,35_5,Owenmore[Sligo]_SC_020,127.26,274.0,0.46,False,False,True,ok,3507.0,98.43,13.62,0.97,15.0,54.11164083,-8.582531111,Level & Historic Flow,274.00 km²,,True,plain_csv,2007-08-29T16:15:00+00:00,2026-08-09T23:30:00+00:00,6920.0,664350.0,2017-01-01T00:00:00+00:00,2026-08-09T23:30:00+00:00,336767.0,5283.0,31:624798; 32:26589; -1:9683; 254:3280,0.0,,,,,,wl_35078.csv,127256000.0
36022,Aghacashlaun,AGHACASHLAUN,ERNE,NORTH WESTERN RBD,Yellow[Ballinamore],36,36_15,Yellow[Ballinamore]_SC_010,143.55,27.0,5.32,False,False,True,ok,3507.0,98.14,11.4,8.02,15.0,54.04731722,-7.926414167,Level & Flow,27.00 km²,,True,plain_csv,1977-05-18T12:15:00+00:00,2026-08-09T23:30:00+00:00,17980.0,1726126.0,2017-01-01T00:00:00+00:00,2026-08-09T23:30:00+00:00,336767.0,6257.0,31:1304586; -1:270738; 99:123147; 254:27001; 32:654,0.0,,,,,,wl_36022.csv,143549861.406
36015,Anlore,FINN,FINN,NORTH WESTERN RBD,Finn[Monaghan],36,36_17,Finn[Monaghan]_SC_010,171.26,98.27,1.74,False,False,True,ok,3507.0,99.86,1.88,2.98,15.0,54.177075,-7.177330833,Level & Flow,98.27 km²,,True,plain_csv,1956-10-29T08:30:00+00:00,2026-08-09T23:30:00+00:00,25486.0,2446717.0,2017-01-01T00:00:00+00:00,2026-08-09T23:30:00+00:00,336767.0,480.0,31:2250695; -1:185943; 254:10079,0.0,,,,,,wl_36015.csv,171260551.567
36018,Ashfield,DROMORE,ERNE,NORTH WESTERN RBD,Dromore,36,36_10,Dromore_SC_020,116.36,233.0,0.5,False,False,True,ok,3507.0,99.37,7.69,3.08,15.0,54.07216528,-7.121145556,Level & Flow,233.00 km²,,True,plain_csv,1972-10-01T00:00:00+00:00,2026-08-09T14:00:00+00:00,19670.0,1888377.0,2017-01-01T00:00:00+00:00,2026-08-09T14:00:00+00:00,336729.0,2133.0,31:1580940; -1:251881; 254:47234; 101:8322,0.0,,,,,,wl_36018.csv,116357024.455
36019,Belturbet,ERNE,ERNE,NORTH WESTERN RBD,Erne,36,36_21,Erne_SC_030,190.12,1501.0,0.13,False,False,True,ok,3507.0,99.3,11.44,10.46,15.0,54.09795806,-7.450869167,Level & Flow,1501.00 km²,,True,plain_csv,1957-12-19T14:00:00+00:00,2026-08-09T23:30:00+00:00,25070.0,2406759.0,2017-01-01T00:00:00+00:00,2026-08-09T23:30:00+00:00,336767.0,2355.0,31:2232027; -1:91093; 254:52786; 101:21040; 32:6868,0.0,,,,,,wl_36019.csv,190117808.433
36010,Butlers Br,ANNALEE,ERNE,NORTH WESTERN RBD,Annalee,36,36_5,Annalee_SC_030,86.58,774.0,0.11,False,False,True,ok,3507.0,98.32,9.03,13.61,15.0,54.04187944,-7.377087778,Level & Flow,774.00 km²,,True,plain_csv,1972-10-01T00:00:00+00:00,2026-08-09T23:30:00+00:00,19670.0,1888415.0,2017-01-01T00:00:00+00:00,2026-08-09T23:30:00+00:00,336767.0,5658.0,31:1549468; -1:201427; 254:71106; 32:28456; 1:26172,0.0,,,,,,wl_36010.csv,86578317.4622
36013,Derreskit,CULLIES,ERNE,NORTH WESTERN RBD,Cullies,36,36_19,Cullies_SC_010,182.73,168.06,1.09,True,False,True,ok,3507.0,98.66,7.14,12.77,15.0,54.01275778,-7.558754444,Level & Historic Flow,168.06 km²,,True,plain_csv,1990-01-01T08:00:00+00:00,2026-08-09T23:30:00+00:00,13369.0,1283487.0,2017-01-01T00:00:00+00:00,2026-08-09T23:30:00+00:00,336767.0,4497.0,31:791920; -1:314806; 254:68237; 99:53909; 32:39171,0.0,,,,,,wl_36013.csv,182734913.644
36171,Folies Br,L. ERNE UPPER,ERNE,NORTH WESTERN RBD,Erne,36,36_22,Erne_SC_040,221.78,1520.0,0.15,False,False,True,ok,3507.0,98.41,10.2,5.59,15.0,54.1387075,-7.436896111,Level,1520.00 km²,,True,plain_csv,1982-08-06T12:30:00+00:00,2026-08-09T23:30:00+00:00,16074.0,1543149.0,2017-01-01T00:00:00+00:00,2026-08-09T23:30:00+00:00,336767.0,5345.0,31:1279523; -1:208675; 254:31911; 32:18902; 101:4138,0.0,,,,,,wl_36171.csv,221779446.59900004
35029,Four Masters Br,DROWES,DROWES,WESTERN RBD,Drowes,36,36_20,Drowes_SC_010,203.26,104.58,1.94,False,False,True,ok,3507.0,98.71,17.61,3.75,15.0,54.459445,-8.260686389,Level & Historic Flow,104.58 km²,,True,plain_csv,2007-08-28T15:00:00+00:00,2026-08-09T23:30:00+00:00,6921.0,664451.0,2017-01-01T00:00:00+00:00,2026-08-09T23:30:00+00:00,336767.0,4351.0,31:536379; 32:62558; 101:26732; -1:22278; 254:12614,0.0,,,,,,wl_35029.csv,203259495.79299998
36084,Innisconnell Pier,L.    OUGHTER,ERNE,NORTH WESTERN RBD,Erne,36,36_21,Erne_SC_030,190.12,592.0,0.32,False,False,True,ok,3507.0,97.44,56.1,5.19,15.0,54.01697361,-7.458314167,Level,592.00 km²,,True,plain_csv,2013-12-11T12:30:00+00:00,2026-08-09T23:30:00+00:00,4624.0,443949.0,2017-01-01T00:00:00+00:00,2026-08-09T23:30:00+00:00,336767.0,8635.0,31:310696; 41:50949; 101:40871; 254:17486; -1:16192,0.0,,,,,,wl_36084.csv,190117808.433
36083,Killykeen Forest Park,L.   OUGHTER,ERNE,NORTH WESTERN RBD,Erne,36,36_21,Erne_SC_030,190.12,592.0,0.32,False,False,True,ok,2993.0,98.53,7.27,0.37,15.0,54.007865,-7.470649444,Level,592.00 km²,,True,plain_csv,2007-09-07T11:00:00+00:00,2025-03-13T12:15:00+00:00,6397.0,614118.0,2017-01-01T00:00:00+00:00,2025-03-13T12:15:00+00:00,287378.0,4223.0,31:539293; 101:55475; 32:9471; -1:6922; 41:1843,0.0,,,,,,wl_36083.csv,190117808.433
36020,Killywillin,BLACKWATER [NEWTOWNGORE],ERNE,NORTH WESTERN RBD,Blackwater[Newtowngore],36,36_6,Blackwater[Newtowngore]_SC_010,94.43,93.4,1.01,True,False,True,ok,3507.0,98.55,12.3,5.0,15.0,54.08032667,-7.691128333,Level & Flow,93.40 km²,,True,plain_csv,1978-10-07T12:00:00+00:00,2026-08-09T23:30:00+00:00,17473.0,1677455.0,2017-01-01T00:00:00+00:00,2026-08-09T23:30:00+00:00,336767.0,4884.0,31:1407601; -1:216677; 32:22545; 254:17370; 41:7864,0.0,,,,,,wl_36020.csv,94434944.5396
36021,Kiltybardan,YELLOW,ERNE,NORTH WESTERN RBD,Yellow[Ballinamore],36,36_15,Yellow[Ballinamore]_SC_010,143.55,23.0,6.24,False,False,True,ok,3507.0,99.15,6.5,6.64,15.0,54.05727611,-7.860888333,Level & Flow,23.00 km²,,True,plain_csv,1978-03-14T17:15:00+00:00,2026-08-09T23:30:00+00:00,17680.0,1697306.0,2017-01-01T00:00:00+00:00,2026-08-09T23:30:00+00:00,336767.0,2867.0,31:1476112; -1:132713; 101:39889; 32:26099; 254:22493,0.0,,,,,,wl_36021.csv,143549861.406
35071,Lareen,L.    MELVIN,DROWES,NORTH WESTERN RBD,Drowes,36,36_20,Drowes_SC_010,203.26,101.77,2.0,False,False,True,ok,3507.0,99.69,9.91,3.75,15.0,54.45230111,-8.240013611,Level & Flow,101.77 km²,,True,plain_csv,1974-12-04T00:00:00+00:00,2026-08-09T23:30:00+00:00,18876.0,1812191.0,2017-01-01T00:00:00+00:00,2026-08-09T23:30:00+00:00,336767.0,1057.0,31:1567908; 32:138538; 254:56229; -1:25155; 42:10822,0.0,,,,,,wl_35071.csv,203259495.79299998
36012,Sallaghan,ERNE,ERNE,NORTH WESTERN RBD,Erne,36,36_18,Erne_SC_020,179.19,263.0,0.68,False,False,True,ok,3507.0,99.76,5.51,6.35,15.0,53.88669139,-7.503405,Level & Flow,263.00 km²,,True,plain_csv,1972-10-01T00:00:00+00:00,2026-08-09T23:30:00+00:00,19670.0,1888415.0,2017-01-01T00:00:00+00:00,2026-08-09T23:30:00+00:00,336767.0,820.0,31:1407124; -1:263849; 254:158145; 41:32159; 32:20493,0.0,,,,,,wl_36012.csv,179191551.121
36037,Urney Br,ERNE,ERNE,NORTH WESTERN RBD,Erne,36,36_21,Erne_SC_030,190.12,870.33,0.22,False,False,True,ok,3507.0,99.48,5.9,2.91,15.0,54.04891472,-7.405638889,Level & Flow,870.33 km²,,True,plain_csv,1992-01-07T11:30:00+00:00,2026-08-09T23:30:00+00:00,12633.0,1212817.0,2017-01-01T00:00:00+00:00,2026-08-09T23:30:00+00:00,336767.0,1766.0,31:824969; 41:160668; -1:86284; 42:86254; 32:27381,0.0,,,,,,wl_36037.csv,190117808.433
36042,Breffni Park,Cavan River,ERNE,NORTH WESTERN RBD,Cavan,36,36_4,Cavan_SC_010,85.31,58.53,1.46,False,False,False,ok,1565.0,98.82,6.88,14.56,15.0,53.982018,-7.361984,Level & Flow,58.53 km²,,False,plain_csv,2022-04-27T11:30:00+00:00,2026-08-09T23:30:00+00:00,1565.0,150289.0,2022-04-27T11:30:00+00:00,2026-08-09T23:30:00+00:00,150289.0,1776.0,31:126624; 254:21889; -1:1776,0.0,,,,,,wl_36042.csv,85308400.0
38001,Clonconwal,OWENEA,OWENEA,NORTH WESTERN RBD,Owenea,38,38_9,Owenea_SC_010,177.13,109.0,1.63,False,False,True,ok,3507.0,99.33,17.3,2.55,15.0,54.78170583,-8.365278056,Level & Flow,109.00 km²,,True,plain_csv,1972-10-01T00:15:00+00:00,2026-08-09T23:30:00+00:00,19670.0,1888414.0,2017-01-01T00:00:00+00:00,2026-08-09T23:30:00+00:00,336767.0,2242.0,31:1656772; -1:173080; 32:49834; 254:8703; 225:24,0.0,,,,,,wl_38001.csv,177130683.27
38010,Glenties,Stracashel,OWENEA,NORTH WESTERN RBD,Owenea,38,38_9,Owenea_SC_010,177.13,42.36,4.18,False,False,True,ok,2445.0,99.99,0.04,3.65,15.0,54.793407,-8.286056,Level & Flow,42.36 km²,,True,plain_csv,2019-11-29T11:45:00+00:00,2026-08-09T23:30:00+00:00,2445.0,234768.0,2019-11-29T11:45:00+00:00,2026-08-09T23:30:00+00:00,234768.0,27.0,31:226168; 254:8573; -1:27,0.0,,,,,,wl_38010.csv,177130683.27
39009,Aghawoney,LEANNAN,LEANNAN,NORTH WESTERN RBD,Leannan,39,39_5,Leannan_SC_020,143.56,207.0,0.69,False,False,True,ok,3507.0,99.35,10.29,7.34,15.0,55.04378556,-7.720692778,Level & Flow,207.00 km²,,True,plain_csv,1972-09-05T15:00:00+00:00,2026-08-09T23:30:00+00:00,19696.0,1890851.0,2017-01-01T00:00:00+00:00,2026-08-09T23:30:00+00:00,336767.0,2184.0,31:1799040; 32:37231; -1:29063; 254:25515; 99:2,0.0,,,,,,wl_39009.csv,143563441.005
39008,Gartan Br,LEANNAN,LEANNAN,NORTH WESTERN RBD,Leannan,39,39_7,Leannan_SC_010,135.44,77.39,1.75,False,False,True,ok,3507.0,98.33,32.54,7.34,15.0,55.00025333,-7.894476111,Level & Flow,77.39 km²,,True,plain_csv,1972-11-07T16:45:00+00:00,2026-08-09T23:30:00+00:00,19633.0,1884796.0,2017-01-01T00:00:00+00:00,2026-08-09T23:30:00+00:00,336767.0,5617.0,31:1509663; -1:309472; 32:25010; 254:24723; 101:12251,0.0,,,,,,wl_39008.csv,135443389.608
39001,New Mills,SWILLY,SWILLY COASTAL,NORTH WESTERN RBD,Swilly,39,39_6,Swilly_SC_010,146.51,50.71,2.89,False,False,True,ok,3507.0,99.52,16.53,2.54,15.0,54.93111333,-7.817926111,Level & Flow,50.71 km²,,True,plain_csv,1973-01-01T00:00:00+00:00,2026-08-09T23:30:00+00:00,19578.0,1879583.0,2017-01-01T00:00:00+00:00,2026-08-09T23:30:00+00:00,336767.0,1613.0,31:1456098; -1:159072; 101:129151; 32:126427; 254:8606,0.0,,,,,,wl_39001.csv,146508611.625
39003,Tullyarvan,CRANA,Swilly Coastal,NORTH WESTERN RBD,Crana,39,39_1,Crana_SC_010,158.84,99.0,1.6,False,False,True,ok,3507.0,98.96,3.89,7.68,15.0,55.14361194,-7.452395,Level & Flow,99.00 km²,,True,plain_csv,1972-11-07T15:30:00+00:00,2026-08-09T23:30:00+00:00,19633.0,1884801.0,2017-01-01T00:00:00+00:00,2026-08-09T23:30:00+00:00,336767.0,3499.0,31:1362104; 254:468846; 32:28722; -1:13977; 101:11129,0.0,,,,,,wl_39003.csv,158835660.043
39018,Burnfoot Pumping Station,Burnfoot,Burnfoot,NORTH WESTERN RBD,Burnfoot,39,39_2,Burnfoot_SC_010,146.16,16.86,8.67,False,False,False,ok,1368.0,100.0,0.02,19.82,15.0,55.063793,-7.37533999,Level & Flow,16.86 km²,,False,plain_csv,2022-11-10T13:00:00+00:00,2026-08-09T23:30:00+00:00,1368.0,131371.0,2022-11-10T13:00:00+00:00,2026-08-09T23:30:00+00:00,131371.0,6.0,31:105325; 254:26040; -1:6,0.0,,,,,,wl_39018.csv,146163281.093
40008,Ballyloskey,BALLYWILLY BROOK,Culdaff-Clomany-Donagh-Coastal,NORTH WESTERN RBD,Glennagannon,40,40_2,Glennagannon_SC_010,108.76,2.69,40.43,False,False,True,ok,2495.0,99.99,0.02,10.79,15.0,55.247114,-7.262751,Level & Flow,2.69 km²,,True,plain_csv,2019-10-10T15:30:00+00:00,2026-08-09T23:30:00+00:00,2495.0,239553.0,2019-10-10T15:30:00+00:00,2026-08-09T23:30:00+00:00,239553.0,18.0,31:194692; 254:25855; 32:18988; -1:18,0.0,,,,,,wl_40008.csv,108756965.857
23061,Ferry Br (Feale),FEALE ESTY,FEALE,SHANNON RBD,,,,,,1117.0,,False,False,True,ok,3507.0,73.09,24.61,12.88,5.0,52.46900083,-9.633367222,Level,1117.00 km²,,True,plain_csv,1997-12-29T14:00:00+00:00,2026-08-09T23:30:00+00:00,10450.0,3009715.0,2017-01-01T00:00:00+00:00,2026-08-09T23:30:00+00:00,1010299.0,271905.0,31:2183845; -1:506250; 254:130133; 41:86814; 101:73315,0.0,,,,,,wl_23061.csv,
12009,Rafter Br U/S,SLANEY,SLANEY,SOUTH EASTERN RBD,,,,,,1320.66,,False,False,True,ok,3507.0,84.99,2.15,2.58,15.0,52.50106139,-6.564197778,Level,1320.66 km²,,True,plain_csv,2003-02-18T14:15:00+00:00,2026-08-09T23:30:00+00:00,8573.0,823046.0,2017-01-01T00:00:00+00:00,2026-08-09T23:30:00+00:00,336767.0,50538.0,31:639123; -1:114477; 101:46653; 32:14113; 254:8680,0.0,,,,,,wl_12009.csv,
23062,Blennerville,LEE ESTY,LEE [TRALEE] TYSHE BIG COASTAL,SHANNON RBD,,,,,,98.0,,False,False,False,ok,3507.0,45.19,71.96,9.18,15.0,52.25789889,-9.735782222,Level,98.00 km²,,False,plain_csv,2004-02-23T08:00:00+00:00,2026-08-09T23:30:00+00:00,8203.0,787551.0,2017-01-01T00:00:00+00:00,2026-08-09T23:30:00+00:00,336767.0,184595.0,31:685220; -1:37499; 254:30962; 32:12666; 101:9129,0.0,,,,,,wl_23062.csv,
22061,Castlemaine,MAINE ESTY,MAINE,SOUTH WESTERN RBD,,,,,,348.0,,False,False,False,ok,3507.0,55.0,5.47,9.7,5.0,52.167595,-9.70277,Level,348.00 km²,,False,plain_csv,2007-10-04T12:45:00+00:00,2026-08-09T23:40:00+00:00,6884.0,1982724.0,2017-01-01T00:00:00+00:00,2026-08-09T23:40:00+00:00,1010301.0,454647.0,31:1827881; 254:108732; -1:21943; 32:14999; 42:9169,0.0,,,,,,wl_22061.csv,
27068,Clarecastle Br,FERGUS,SHANNON,SHANNON RBD,,,,,,625.58,,False,False,False,ok,3507.0,58.48,31.36,10.27,5.0,52.81539694,-8.961536389,Level,625.58 km²,,False,plain_csv,2002-06-19T00:15:00+00:00,2026-08-09T23:30:00+00:00,8817.0,2539576.0,2017-01-01T00:00:00+00:00,2026-08-09T23:30:00+00:00,1010299.0,419495.0,31:2024715; -1:194938; 101:137205; 254:103770; 42:42626,0.0,,,,,,wl_27068.csv,
24061,Ferry Br (Maigue),MAIGUE ESTUARY,SHANNON,SHANNON RBD,,,,,,0.0,,False,False,False,ok,3507.0,56.54,122.56,2.16,15.0,52.62122556,-8.764818333,Level,0.00 km²,,False,plain_csv,2000-12-01T00:15:00+00:00,2026-08-09T23:30:00+00:00,9382.0,900766.0,2017-01-01T00:00:00+00:00,2026-08-09T23:30:00+00:00,336767.0,146345.0,31:793411; 32:40932; 101:32446; -1:22247; 254:11728,0.0,,,,,,wl_24061.csv,
19162,Fitzgerald's Park,LEE,LEE,SOUTH WESTERN RBD,,,,,,1185.0,,False,False,False,ok,1775.0,99.79,1.65,32.71,5.0,51.896472,-8.498278,Level,1185.00 km²,,False,plain_csv,2021-09-29T00:00:00+00:00,2026-08-09T23:30:00+00:00,1775.0,511483.0,2021-09-29T00:00:00+00:00,2026-08-09T23:30:00+00:00,511483.0,1052.0,31:343134; 254:167297; -1:1052,0.0,,,,,,wl_19162.csv,
23068,Moneycashen,FEALE ESTY,FEALE,SHANNON RBD,,,,,,0.0,,False,False,False,ok,3507.0,56.4,46.75,13.06,5.0,52.48275028,-9.680923333,Level,0.00 km²,,False,plain_csv,1997-12-29T14:15:00+00:00,2026-08-09T23:30:00+00:00,10450.0,3009712.0,2017-01-01T00:00:00+00:00,2026-08-09T23:30:00+00:00,1010299.0,440487.0,31:2439025; 32:199537; -1:171050; 254:131979; 41:42917,0.0,,,,,,wl_23068.csv,
39061,Port Br,SWILLY ESTUARY,SWILLY COASTAL,NORTH WESTERN RBD,,,,,,111.46,,False,False,False,ok,3507.0,52.4,25.62,31.82,5.0,54.94844722,-7.714145833,Level,111.46 km²,,False,plain_csv,2006-10-05T15:00:00+00:00,2026-08-09T23:30:00+00:00,7248.0,2087527.0,2017-01-01T00:00:00+00:00,2026-08-09T23:30:00+00:00,1010299.0,480940.0,31:778649; 41:437970; 101:330820; 254:323926; -1:164033,0.0,,,,,,wl_39061.csv,
12008,Rafter Br D/S,SLANEY,SLANEY,SOUTH EASTERN RBD,,,,,,1320.66,,False,False,False,ok,3507.0,83.22,102.04,2.58,15.0,52.5009175,-6.564173056,Level,1320.66 km²,,False,plain_csv,2003-02-18T14:15:00+00:00,2026-08-09T23:30:00+00:00,8573.0,823046.0,2017-01-01T00:00:00+00:00,2026-08-09T23:30:00+00:00,336767.0,56494.0,31:671498; -1:95951; 101:20676; 99:20214; 254:9228,0.0,,,,,,wl_12008.csv,
20020,Skibbereen,Ilen,Ilen,SOUTH WESTERN RBD,,,,,,0.0,,False,False,False,ok,2568.0,64.28,0.37,5.89,5.0,51.551701,-9.264979,Level,0.00 km²,,False,plain_csv,2019-07-29T15:15:00+00:00,2026-08-09T23:30:00+00:00,2568.0,739684.0,2019-07-29T15:15:00+00:00,2026-08-09T23:30:00+00:00,739684.0,264221.0,31:695757; 254:43583; -1:344,0.0,,,,,,wl_20020.csv,
14067,St. Mullins,BARROW ESTY,BARROW ESTUARY,SOUTH EASTERN RBD,,,,,,0.0,,False,False,False,ok,3507.0,58.37,39.07,1.25,15.0,52.4854725,-6.92429,Level,0.00 km²,,False,plain_csv,2004-01-19T15:00:00+00:00,2026-08-09T23:30:00+00:00,8238.0,790883.0,2017-01-01T00:00:00+00:00,2026-08-09T23:30:00+00:00,336767.0,140187.0,31:313572; 99:227409; -1:89287; 101:66214; 254:35404,0.0,,,,,,wl_14067.csv,
